x,y
245652.04,610612.48
245662.5,610612.48
245687.5,610637.52
245712.5,610662.48
245737.5,610662.48
245762.5,610662.48
245787.5,610662.48
245812.5,610662.48
245837.5,610687.52
245862.5,610687.52
245887.5,610687.52
245912.5,610687.52
245937.5,610712.48
245962.5,610737.52
245987.5,610762.48
246012.5,610787.52
246037.5,610812.48
246062.5,610812.48
246087.5,610837.52
246112.5,610837.52
246137.5,610837.52
246162.5,610837.52
246187.5,610837.52
246212.5,610837.52
246237.5,610837.52
246262.5,610862.48
246287.5,610862.48
246312.5,610862.48
246337.5,610862.48
246362.5,610862.48
246387.5,610862.48
246412.5,610862.48
246437.5,610862.48
246462.5,610862.48
246487.5,610837.52
246512.5,610837.52
246537.5,610812.48
246562.5,610812.48
246587.5,610812.48
246612.5,610812.48
246637.5,610812.48
246662.5,610812.48
246687.5,610812.48
246712.5,610812.48
246737.5,610812.48
246762.5,610787.52
246787.5,610787.52
246812.5,610787.52
246837.5,610762.48
246862.5,610762.48
246887.5,610762.48
246912.5,610762.48
246937.5,610762.48
246962.5,610762.48
246987.5,610762.48
247012.5,610762.48
247037.5,610762.48
247062.5,610762.48
247087.5,610762.48
247112.5,610762.48
247137.5,610737.52
247162.5,610737.52
247187.5,610737.52
247212.5,610737.52
247237.5,610712.48
247262.5,610712.48
247287.5,610712.48
247312.5,610712.48
247337.5,610687.52
247362.5,610687.52
247387.5,610687.52
247412.5,610687.52
247437.5,610687.52
247462.5,610687.52
247487.5,610687.52
247512.5,610687.52
247537.5,610687.52
247562.5,610687.52
247587.5,610687.52
247612.5,610687.52
247637.5,610662.48
247662.5,610662.48
247687.5,610637.52
247712.5,610637.52
247737.5,610637.52
247762.5,610612.48
247787.5,610612.48
247812.5,610612.48
247837.5,610612.48
247862.5,610612.48
247887.5,610612.48
247912.5,610612.48
247937.5,610612.48
247962.5,610587.52
247987.5,610587.52
248012.5,610587.52
248037.5,610587.52
248062.5,610587.52
248087.5,610562.48
248112.5,610562.48
248137.5,610562.48
248162.5,610537.52
248187.5,610537.52
248212.5,610537.52
248237.5,610537.52
248262.5,610537.52
248287.5,610537.52
248312.5,610512.48
248337.5,610512.48
248362.5,610512.48
248387.5,610512.48
248412.5,610512.48
248437.5,610512.48
248462.5,610487.52
248487.5,610487.52
248512.5,610462.48
248537.5,610462.48
248562.5,610462.48
248587.5,610462.48
248612.5,610462.48
248637.5,610462.48
248662.5,610462.48
248687.5,610462.48
248712.5,610462.48
248737.5,610462.48
248762.5,610462.48
248787.5,610462.48
248812.5,610462.48
248837.5,610462.48
248862.5,610462.48
248887.5,610462.48
248912.5,610462.48
248937.5,610462.48
248962.5,610462.48
248987.5,610437.52
249012.5,610437.52
249037.5,610437.52
249062.5,610412.48
249087.5,610412.48
249112.5,610387.52
249137.5,610387.52
249162.5,610387.52
249187.5,610362.48
249212.5,610337.52
249237.5,610337.52
249262.5,610312.48
249287.5,610287.52
249312.5,610287.52
249337.5,610287.52
249362.5,610287.52
249387.5,610287.52
249412.5,610262.48
249437.5,610237.52
249462.5,610237.52
249487.5,610237.52
249506.96,610204.92
249611.32,610197.52
249626.24,610234.76
249622.5,610409.92
249712.5,610412.48
249737.5,610387.52
249762.5,610387.52
249787.5,610362.48
249812.5,610362.48
249837.5,610337.52
249862.5,610337.52
249887.5,610337.52
249912.5,610312.48
249937.5,610312.48
249962.5,610287.52
249987.5,610262.48
250012.5,610237.52
250037.5,610212.48
250062.5,610212.48
250087.5,610212.48
250112.5,610212.48
250137.5,610187.52
250162.5,610187.52
250187.5,610162.48
250212.5,610137.52
250212.5,610112.48
250237.5,610087.52
250237.5,610062.48
250262.5,610037.52
250287.5,610037.52
250312.5,610037.52
250337.5,610037.52
250362.5,610037.52
250387.5,610012.48
250412.5,610012.48
250437.5,610012.48
250462.5,609987.52
250487.5,609987.52
250512.5,609987.52
250537.5,609987.52
250562.5,609987.52
250563.84,609987.52
250575,610001.88
250586.54,610013.44
250593.24,610018.24
250600,610023.32
250625,610023.24
250662.51,610012.48
250687.5,610012.48
250712.5,610012.48
250737.5,609987.52
250762.5,609962.48
250787.5,609962.48
250812.5,609937.52
250837.5,609937.52
250862.5,609912.48
250887.5,609887.52
250912.5,609862.48
250937.5,609837.52
250962.5,609812.48
250987.5,609787.52
251012.5,609787.52
251037.5,609787.52
251062.5,609787.52
251087.5,609787.52
251112.5,609787.52
251137.5,609787.52
251162.5,609787.52
251187.5,609762.48
251212.5,609737.52
251237.5,609737.52
251262.5,609712.48
251287.5,609712.48
251312.5,609687.52
251337.5,609687.52
251362.5,609687.52
251387.5,609687.52
251412.5,609687.52
251437.5,609687.52
251462.5,609687.52
251487.5,609687.52
251512.5,609687.52
251537.5,609687.52
251562.5,609687.52
251587.5,609687.52
251612.5,609687.52
251637.5,609687.52
251662.5,609687.52
251687.5,609687.52
251712.5,609687.52
251737.5,609687.52
251762.5,609687.52
251787.5,609687.52
251812.5,609687.52
251837.5,609687.52
251862.5,609687.52
251887.5,609687.52
251912.5,609687.52
251937.5,609687.52
251962.5,609687.52
251987.5,609687.52
252012.5,609687.52
252037.5,609687.52
252062.5,609687.52
252087.5,609687.52
252112.5,609687.52
252137.5,609687.52
252162.5,609687.52
252187.5,609687.52
252212.5,609687.52
252237.5,609712.48
252262.5,609712.48
252287.5,609712.48
252312.5,609737.52
252337.5,609737.52
252362.5,609737.52
252387.5,609737.52
252412.5,609737.52
252437.5,609737.52
252462.5,609737.52
252487.5,609737.52
252512.5,609737.52
252537.5,609737.52
252562.5,609737.52
252587.5,609737.52
252612.5,609737.52
252637.5,609737.52
252662.5,609737.52
252687.5,609737.52
252712.5,609737.52
252737.5,609737.52
252762.5,609737.52
252787.5,609762.48
252812.5,609762.48
252837.5,609762.48
252862.5,609787.52
252887.5,609787.52
252912.5,609812.48
252937.5,609812.48
252962.5,609812.48
252987.5,609812.48
253012.5,609812.48
253037.5,609812.48
253062.5,609812.48
253087.5,609812.48
253112.5,609812.48
253137.5,609812.48
253162.5,609812.48
253187.5,609812.48
253212.5,609812.48
253237.5,609812.48
253262.5,609812.48
253287.5,609812.48
253312.5,609812.48
253337.5,609812.48
253362.5,609812.48
253387.5,609812.48
253412.5,609812.48
253437.5,609812.48
253462.5,609812.48
253487.5,609812.48
253512.5,609812.48
253537.5,609812.48
253562.5,609812.48
253587.5,609812.48
253612.5,609812.48
253637.5,609787.52
253662.5,609787.52
253687.5,609812.48
253712.5,609812.48
253737.5,609812.48
253783.06,609812.48
253799.18,609800
253814.04,609789.08
253974.62,609675.38
253987.5,609662.48
253987.5,609637.52
254012.5,609612.48
254037.5,609587.52
254037.5,609562.48
254062.5,609537.52
254065.47,609534.54
254105.6,609475
254115.46,609465.52
254129.06,609454.08
254135.18,609450
254144.16,609444.2
254150,609440.88
254181.57,609430.04
254206.02,609423.55
254231.23,609418.76
254237.5,609412.48
254262.5,609412.48
254287.5,609412.48
254312.5,609412.48
254337.5,609412.48
254362.5,609412.48
254387.5,609412.48
254412.5,609412.48
254437.5,609412.48
254462.5,609387.52
254462.5,609362.48
254487.5,609337.52
254512.5,609312.48
254537.5,609287.52
254562.5,609262.48
254587.5,609237.52
254612.5,609212.48
254637.5,609187.52
254662.5,609187.52
254687.5,609162.48
254712.5,609162.48
254737.5,609137.52
254762.5,609112.48
254787.5,609087.52
254812.5,609062.48
254820.94,609027.64
254835.6,608947
254897.92,608892
254987.5,608862.48
255012.5,608837.52
255037.5,608812.48
255062.5,608787.52
255087.5,608762.48
255112.5,608762.48
255137.5,608737.52
255162.5,608737.52
255187.5,608712.48
255212.5,608712.48
255237.5,608712.48
255262.5,608712.48
255287.5,608687.52
255312.5,608687.52
255337.5,608687.52
255362.5,608662.48
255387.5,608637.52
255412.5,608612.48
255437.5,608612.48
255462.5,608612.48
255487.5,608612.48
255512.5,608612.48
255537.5,608612.48
255562.5,608612.48
255587.5,608612.48
255612.5,608587.52
255637.5,608587.52
255662.5,608562.48
255687.5,608537.52
255712.5,608512.48
255737.5,608487.52
255762.5,608462.48
255787.5,608437.52
255812.5,608412.48
255837.5,608387.52
255837.5,608362.48
255837.5,608337.52
255862.5,608312.48
255887.5,608287.52
255912.5,608262.48
255937.5,608237.52
255962.5,608212.48
255987.5,608187.52
256012.5,608162.48
256037.5,608137.52
256037.5,608112.48
256037.5,608087.52
256062.5,608062.48
256087.5,608037.52
256112.5,608012.48
256137.5,607987.52
256162.5,607962.48
256187.5,607937.52
256187.5,607912.48
256187.5,607887.52
256187.5,607862.48
256187.5,607837.52
256212.5,607812.48
256237.5,607787.52
256237.5,607762.48
256262.5,607737.52
256262.5,607712.48
256287.5,607687.52
256287.5,607662.48
256312.5,607637.52
256337.5,607612.48
256362.5,607587.52
256487.5,607587.52
256512.5,607587.52
256537.5,607587.52
256562.5,607587.52
256587.5,607587.52
256662.5,607462.48
256687.5,607437.52
256712.5,607412.48
256737.5,607387.52
256762.5,607362.48
256787.5,607337.52
256812.5,607312.48
256837.5,607312.48
256862.5,607312.48
256887.5,607287.52
256912.5,607287.52
256937.5,607262.48
256962.5,607237.52
256987.5,607212.48
256987.5,607187.52
257012.5,607162.48
257012.5,607137.52
257037.5,607112.48
257062.5,607087.52
257087.5,607062.48
257112.5,607037.52
257137.5,607037.52
257162.5,607012.48
257187.5,606987.52
257212.5,606962.48
257212.5,606937.52
257237.5,606912.48
257237.5,606887.52
257262.5,606862.48
257262.5,606837.52
257287.5,606812.48
257312.5,606787.52
257312.5,606762.48
257337.5,606737.52
257362.5,606712.48
257387.5,606687.52
257399.96,606675.04
257403.22,606600
257404.16,606579.12
257404.68,606570.32
257405.34,606555.36
257406.06,606543.92
257406.68,606531.68
257407.56,606517.44
257408,606508
257408.46,606500
257408.88,606491.12
257409.1,606484.12
257409.5,606475
257410.22,606450
257410.66,606375
257411.22,606350
257412.66,606325
257415.46,606300
257419.08,606280.92
257421.24,606271.24
257425,606257.56
257427.28,606250
257437.68,606225
257450,606201.56
257468.46,606175
257475,606166.88
257482.82,606157.8
257489.46,606150
257494.62,606144.64
257498.46,606140.56
257595.74,606048.4
257688.34,605963.73
257791.49,605888.13
257897.65,605821.23
258003.46,605760.48
258008.04,605758
258023.5,605750
258040.76,605740.76
258050,605736
258057.2,605732.2
258071.4,605725
258090,605715
258100,605709.8
258106.36,605706.36
258118.44,605700
258162.68,605675
258201.18,605651.2
258239.5,605625
258245.38,605620.36
258271.9,605600
258286.66,605586.64
258299.9,605575
258311.96,605561.92
258323.42,605550
258334.56,605534.56
258341.92,605525
258353.38,605503.36
258357.44,605492.56
258359.42,605484.44
258362.32,605475
258361.96,605463
258361.46,605450
258357.96,605442.08
258350,605427.92
258335.44,605414.56
258325,605407.32
258312.64,605400
258303.78,605396.2
258291.82,605391.8
258285.6,605389.36
258266.96,605383.08
258254.22,605379.2
258247.84,605377.2
258240.5,605375
258228.26,605371.76
258175,605358.44
258153.46,605353.44
258127.24,605347.76
258106.46,605343.56
258100,605342.2
258075,605337.56
258064.2,605335.8
258050,605333.32
258042.7,605332.32
258030.18,605330.2
258021.04,605329
257977.82,605322.2
257970.6,605320.56
257956.78,605318.24
257938.6,605313.64
257925,605309.68
257917.66,605307.36
257901.28,605300
257895.44,605295.44
257886.6,605288.36
257875,605275.56
257866.66,605258.36
257863.78,605250
257861.24,605238.76
257858.76,605225
257857.8,605217.2
257857.22,605207.24
257856.44,605200
257855.66,605180.64
257855.04,605169.92
257854.9,605154.92
257854.54,605145.44
257854.38,605129.36
257854.06,605120.92
257853.84,605103.88
257853.58,605096.44
257853.18,605078.2
257851.24,605026.24
257850,605003.92
257848.06,604976.92
257845.84,604954.12
257844.78,604944.8
257842.18,604925
257838.04,604900
257832.84,604875
257827.36,604852.36
257825,604843.64
257820.9,604829.08
257817.46,604817.44
257812.12,604800
257779.28,604700
257772.62,604677.36
257770.82,604670.8
257765.36,604650
257759.88,604625
257755.6,604600
257753.12,604578.12
257751.6,604551.64
257751.88,604526.88
257753.7,604503.68
257754.76,604495.24
257757.96,604475
257763.72,604450
257769.82,604430.2
257772.4,604422.44
257779.38,604404.36
257786.42,604388.56
257792.8,604375
257804.34,604354.32
257813.98,604339
257819.76,604330.24
257823.98,604324
257834.92,604309.92
257842.8,604300
257850,604292.12
257858.36,604283.36
257866.58,604275
257875,604267.52
257884.56,604259.56
257896.44,604250
257907.04,604242.92
257913.66,604238.64
257925,604231.56
257936.54,604225
257945.46,604220.44
257962.4,604212.64
257975,604207
257991.82,604200
258000,604196.92
258061.1,604175
258071.44,604171.44
258100,604161.08
258107.94,604157.92
258123.2,604151.8
258143.42,604143.44
258150,604140.56
258160.7,604135.68
258175,604129
258194.32,604119.32
258200,604116.36
258210.68,604110.68
258225,604102.68
258242.46,604092.44
258250,604087.88
258257.96,604082.92
258283.34,604066.68
258300,604055.76
258308.58,604050
258347.1,604025
258375,604008.2
258389.52,604000
258396.32,603996.32
258411.24,603988.76
258425,603981.92
258440.24,603975
258447.04,603972.08
258475,603960.8
258497.1,603952.88
258505.76,603950
258520.4,603945.36
258533.46,603941.52
258539.78,603939.76
258550,603936.88
258559.54,603934.48
258575,603930.64
258599.76,603925.24
258630.18,603919.8
258643.02,603918
258650,603916.88
258675,603913.92
258700,603911.64
258710.88,603910.88
258725,603909.76
258734.32,603909.32
258741.24,603908.76
258750,603908.36
258758.22,603908.24
258767.28,603907.76
258775,603907.64
258782.72,603907.76
258792.54,603907.44
258800,603907.64
258808.04,603908
258816.84,603908.12
258825,603908.64
258834.46,603909.44
258850,603910.64
258862.14,603912.12
258891.48,603916.68
258912.97,603928.94
258945.1,603975
258950,603980.76
258959.12,603990.88
258975,604008.8
258982.26,604017.76
258987.82,604025
258993.22,604031.76
259000,604040.56
259006.24,604050
259014.56,604060.44
259026.8,604075
259038.54,604088.48
259050,604101.12
259061.58,604113.44
259075,604126.76
259086.88,604138.12
259100.1,604150
259113.44,604161.56
259125,604170.88
259129.94,604175
259141.16,604183.88
259150,604190.32
259155.4,604194.64
259162.68,604200
259175,604208.76
259184.34,604215.64
259205.12,604230.12
259213.68,604236.32
259225,604243.92
259233.46,604250
259243.18,604256.8
259250,604261.24
259257.96,604267.08
259269.62,604275
259275,604278.56
259287.68,604287.32
259307.04,604300
259317.98,604307
259325,604311.2
259333.54,604316.44
259350,604325.88
259365.74,604334.24
259382.42,604342.6
259387.5,604337.52
259387.5,604312.48
259412.5,604287.52
259437.5,604287.52
259462.5,604262.48
259487.5,604237.52
259512.5,604237.52
259537.5,604212.48
259562.5,604212.48
259587.5,604187.52
259587.5,604162.48
259587.5,604137.52
259587.5,604112.48
259612.5,604087.52
259612.5,604062.48
259612.5,604037.52
259612.5,604012.48
259612.5,603987.52
259612.5,603962.48
259612.5,603937.52
259612.5,603912.48
259637.5,603887.52
259637.5,603862.48
259662.5,603837.52
259687.5,603812.48
259712.5,603787.52
259737.5,603762.48
259759.53,603740.49
259740.88,603709.12
259732.4,603700
259725,603691.92
259716.34,603683.68
259705.34,603675
259700,603670.24
259688.68,603661.32
259681.02,603656
259675,603651.76
259659.88,603640.12
259650,603633.12
259637.24,603625
259630.64,603619.36
259625,603615.2
259616.18,603608.8
259602.04,603600
259587.78,603587.24
259575,603577.68
259561.32,603563.68
259550,603553.08
259544.9,603544.88
259542.18,603532.8
259539.12,603525
259542.78,603517.76
259550,603507.44
259556.1,603500
259564.72,603495.24
259632.72,603463.61
259683.43,603433.49
259725.89,603396.94
259772.51,603346.34
259803.35,603278.31
259810.78,603225.66
259814.86,603186.15
259826.38,603152.81
259855.31,603114.73
259894.42,603078.3
259953.16,603042.08
259989.78,603014.8
260000,603007.32
260009.28,603000
260025,602989
260044.52,602975
260059.88,602965.12
260075,602955.56
260084.12,602950
260094.4,602944.36
260110.94,602935.92
260125,602929.12
260134.2,602925
260145.38,602920.36
260160.06,602914.92
260175,602909.64
260182.22,602907.24
260205.6,602900
260220.7,602895.68
260232.28,602892.68
260240.48,602890.48
260260.6,602885.64
260297.45,602877.55
260312.5,602862.48
260312.5,602837.52
260337.5,602812.48
260337.5,602787.52
260362.5,602762.48
260362.5,602737.52
260362.5,602712.48
260387.5,602687.52
260387.5,602662.48
260412.5,602637.52
260437.5,602612.48
260437.5,602587.52
260462.5,602562.48
260462.5,602537.52
260462.5,602512.48
260462.5,602487.52
260462.5,602462.48
260462.5,602362.48
260462.5,602337.52
260462.5,602312.48
260462.5,602287.52
260462.5,602262.48
260462.5,602237.52
260462.5,602212.48
260462.5,602187.52
260462.5,602162.48
260462.5,602157.32
260500,602153.12
260632.58,602133.79
260684.05,602124.88
260755.42,602108.26
260806.81,602090.04
260872.48,602057.97
260917.66,602029.41
260976.41,601987.84
261025.54,601956.94
261082.74,601928.08
261088.24,601925
261095.9,601920.88
261112.04,601912.92
261125,601907
261143.12,601900
261150,601897.44
261167.22,601892.24
261175,601889.64
261186.3,601886.32
261200,601882
261225,601877.2
261287.5,601862.48
261312.5,601862.48
261337.5,601837.52
261362.5,601812.48
261387.5,601787.52
261397.64,601777.36
261412.92,601737.08
261426.3,601700
261438,601663
261442.32,601650
261450,601628.56
261458.18,601608.2
261461.68,601600
261466.04,601591.08
261473.38,601576.64
261487.64,601550
261500,601530.44
261507.32,601517.68
261517.74,601500
261525,601488.64
261538.66,601463.68
261546.28,601450
261550,601443.52
261563.56,601413.56
261569.9,601400
261575,601388.76
261582.84,601367.2
261585.2,601360.2
261589.02,601350
261591.7,601341.68
261596.78,601328.24
261600,601318.68
261603.84,601303.88
261606.8,601293.2
261608.82,601283.8
261611.34,601275
261613.6,601263.64
261616.9,601250
261617.62,601242.64
261620.04,601229.92
261620.76,601204.24
261618.08,601193.08
261615.66,601184.36
261611.76,601175
261606.82,601168.2
261600,601160.48
261593.58,601156.44
261581.36,601150
261575,601147.52
261555.32,601144.68
261544.22,601144.24
261530.1,601144.92
261520.78,601145.76
261501.02,601149
261469.6,601155.36
261450,601159.12
261425,601161.08
261400,601160.24
261391.44,601158.56
261375,601155.52
261356.72,601150
261350,601148.08
261333.42,601141.56
261325,601138.36
261315.76,601134.24
261304.1,601129.08
261275,601115.52
261255.46,601105.52
261248.28,601101.76
261232.28,601092.76
261225,601088.44
261216.9,601083.12
261205.4,601075
261200,601071.08
261188.64,601061.36
261176.74,601050
261164.64,601035.36
261157.34,601025
261150,601013.36
261145.38,601004.64
261138.1,600988.08
261132.86,600975
261125,600952.56
261118.82,600931.2
261117.32,600925
261110.7,600900
261108.28,600891.68
261105.48,600880.48
261100,600861.36
261095.66,600845.64
261091.72,600833.32
261089.32,600825
261085.6,600814.36
261080.82,600800
261075,600785.24
261072.18,600777.8
261068.62,600768.64
261065.04,600759.92
261061.16,600750
261057.76,600742.24
261043.28,600706.68
261040.86,600700
261037.5,600690
261037.5,600687.52
261037.5,600662.48
261062.5,600637.52
261087.5,600612.48
261087.5,600587.52
261087.5,600562.48
261112.5,600537.52
261112.5,600512.48
261112.5,600487.52
261112.5,600462.48
261112.5,600437.52
261137.5,600412.48
261137.5,600387.52
261162.5,600362.48
261162.5,600337.52
261187.5,600312.48
261187.5,600287.52
261212.5,600262.48
261237.5,600237.52
261262.5,600212.48
261287.5,600187.52
261287.5,600162.48
261312.5,600137.52
261312.5,600112.48
261320.5,600104.49
261320.48,600095.52
261320.62,600079.36
261320.58,600070.56
261320.76,600054.24
261320.94,600045.92
261322.32,600022.32
261322.82,599997.8
261321.32,599978.68
261320.1,599970.12
261317.46,599957.52
261316.12,599950
261305.16,599919.88
261300,599901.08
261294.2,599880.8
261287.88,599850
261286.18,599838.8
261284.46,599825
261283.58,599816.44
261283.24,599808.24
261282.48,599800
261282.08,599792.92
261282.06,599782.08
261281.7,599775
261281.64,599768.36
261282.04,599757.08
261281.96,599750
261282.24,599742.76
261283,599733
261283.28,599725
261283.96,599716
261284.66,599709.64
261285.34,599700
261288.06,599675
261289.58,599664.56
261291.56,599650
261296.84,599621.88
261301.4,599600
261303.13,599591.29
261387.26,599643.08
261437.5,599682.73
261437.5,599662.48
261437.5,599637.52
261437.5,599612.48
261437.5,599587.52
261462.5,599562.48
261462.5,599537.52
261462.5,599512.48
261480.87,599494.14
261443.9,599431.12
261439.16,599425
261432.6,599417.36
261425,599410.24
261419.96,599405.08
261414.04,599400
261406.12,599393.88
261400,599389.88
261391.16,599383.8
261375.82,599375
261358.68,599366.32
261341.24,599358.76
261329.38,599354.36
261323.1,599351.88
261304.32,599345.68
261292.28,599342.24
261284.94,599340.08
261275,599337.52
261265.02,599335
261258.6,599333.64
261250,599331.56
261227.04,599327.08
261202.38,599322.64
261180.76,599319.24
261150,599315.08
261091.68,599308.32
261075,599306.48
261054.08,599304.08
261025.46,599300.44
261003.12,599296.88
260995.56,599295.56
260975,599291.64
260950,599285.92
260930.66,599280.64
260921.92,599278.08
260912.56,599275
260903.2,599271.8
260892.68,599267.68
260875,599260.36
260853.72,599250
260845.68,599245.68
260835.3,599239.68
260825,599233.56
260812.68,599225
260805.28,599219.76
260800,599215.8
260791.46,599208.48
260782.04,599200
260775,599193.44
260766.14,599183.88
260743.97,599157.97
260784.4,599156.51
260792.16,599117.12
260794.68,599105.32
260800,599078.64
260805.12,599055.12
260809.96,599034.92
260815,599015
260816.88,599008.12
260818.96,599000
260825,598975.56
260830.38,598955.36
260840.97,598918.89
260677.38,598922.33
260687.5,598887.52
260687.5,598862.48
260687.5,598837.52
260687.5,598812.48
260712.5,598787.52
260712.5,598762.48
260712.5,598737.52
260712.5,598712.48
260737.5,598687.52
260737.5,598662.48
260762.5,598637.52
260762.5,598612.48
260762.5,598587.52
260762.5,598562.48
260787.5,598537.52
260787.5,598512.48
260812.5,598487.52
260812.5,598462.48
260837.5,598437.52
260837.5,598412.48
260837.5,598410.68
260850,598409.56
260858.82,598408.8
260866.68,598408.32
260875,598407.64
260882,598407
260893.9,598406.12
260921.9,598403.12
260979.06,598395.92
261008.14,598391.88
261025,598389.32
261050,598385.12
261075,598380.32
261098.76,598375
261119.54,598369.52
261135.18,598364.8
261150,598360.08
261157.34,598357.36
261174.04,598350.92
261192.24,598342.24
261200,598338.36
261208.4,598333.36
261222.06,598325
261233.52,598316.48
261250,598303.44
261264.32,598289.32
261275,598278.44
261298.62,598250
261309.82,598234.8
261316.94,598225
261325,598214.92
261335.76,598200
261342.28,598192.24
261350,598183.68
261356.76,598175
261365.88,598165.88
261395.48,598142.77
261337.5,598012.48
261337.5,597987.52
261337.5,597962.48
261337.5,597937.52
261337.5,597923.32
261347.4,597922.44
261349.18,597899.2
261350,597860.48
261353.56,597853.56
261362.04,597837.92
261369.32,597825
261375,597815.2
261380.68,597805.68
261384.24,597800
261390.1,597790.08
261399.46,597775.56
261410.32,597760.32
261418.32,597750
261425,597740.36
261431.6,597731.56
261436.96,597725
261442.46,597717.52
261450,597708.68
261457.86,597700
261465.76,597690.76
261475,597679.64
261487.88,597662.88
261496.8,597650
261500,597644.08
261507.12,597632.12
261511.52,597625
261516.28,597616.32
261525,597601.36
261539.32,597575
261550,597553.68
261571.98,597513.48
261488.36,597511.62
261512.5,597487.52
261512.5,597462.48
261537.5,597437.52
261537.5,597412.48
261562.5,597387.52
261587.5,597362.48
261612.5,597337.52
261637.5,597312.48
261637.5,597287.52
261662.5,597262.48
261687.5,597237.52
261712.5,597212.48
261712.5,597187.52
261737.5,597162.48
261737.5,597137.52
261762.5,597112.48
261787.5,597087.52
261787.5,597062.48
261812.5,597037.52
261812.5,597012.48
261837.5,596987.52
261837.5,596962.48
261862.5,596937.52
261887.5,596912.48
261912.5,596887.52
261912.5,596862.48
261937.5,596837.52
261962.5,596812.48
261962.5,596787.52
261987.5,596762.48
261987.5,596737.52
262012.5,596712.48
262012.5,596687.52
262037.5,596662.48
262062.5,596637.52
262062.5,596612.48
262087.5,596587.52
262087.5,596562.48
262112.5,596537.52
262112.5,596512.48
262137.5,596487.52
262137.5,596462.48
262162.5,596437.52
262187.5,596412.48
262212.5,596387.52
262237.5,596362.48
262262.5,596337.52
262262.5,596312.48
262287.5,596287.52
262287.5,596262.48
262312.5,596237.52
262312.5,596212.48
262312.5,596187.52
262337.5,596162.48
262337.5,596137.52
262337.5,596112.48
262337.5,596087.52
262362.5,596062.48
262362.5,596037.52
262362.5,596012.48
262362.5,595987.52
262362.5,595962.48
262362.5,595937.52
262362.5,595912.48
262362.5,595887.52
262362.5,595862.48
262362.5,595837.52
262362.5,595812.48
262362.5,595787.52
262337.5,595762.48
262312.5,595737.52
262312.5,595712.48
262287.5,595687.52
262287.5,595662.48
262262.5,595637.52
262237.5,595612.48
262237.5,595587.52
262212.5,595562.48
262212.5,595537.52
262187.5,595512.48
262187.5,595487.52
262187.5,595462.48
262187.5,595437.52
262187.5,595412.48
262187.5,595387.52
262187.5,595362.48
262162.5,595337.52
262162.5,595312.48
262162.5,595287.52
262162.5,595262.48
262162.5,595237.52
262162.5,595212.48
262162.5,595187.52
262162.5,595162.48
262162.5,595137.52
262162.5,595112.48
262162.5,595087.52
262137.5,595062.48
262137.5,595037.52
262137.5,595012.48
262137.5,594987.52
262137.5,594962.48
262137.5,594937.52
262137.5,594912.48
262137.5,594887.52
262137.5,594862.48
262137.5,594837.52
262137.5,594812.48
262137.5,594803.89
262116.82,594850
262112.34,594862.64
262108.88,594873.12
262094.52,595005.77
262100.11,595082.91
262094.07,595130.92
262069.1,595191.82
262054.72,595252.43
262043.26,595315.25
262043.14,595375.97
262053.6,595419.32
262058.77,595462.88
262047.92,595494.32
262045.1,595500
262034.74,595509.76
262025,595518.36
262018.34,595525
262000,595536.92
261983.1,595550
261975,595554.68
261963.24,595563.24
261957.04,595567.92
261948.2,595575
261935.44,595585.44
261925,595594.36
261919.44,595600
261909.04,595609
261900,595617.24
261892.56,595625
261883.6,595633.56
261867.16,595650
261845.46,595670.44
261840.52,595675
261825,595688.88
261818.64,595693.64
261800,595707.88
261782.66,595717.36
261772.32,595722.32
261753.1,595728.08
261745.96,595729
261728.62,595728.64
261722.24,595727.76
261714.38,595725
261700,595719.8
261688.76,595711.24
261675.4,595700
261664.06,595685.92
261656.16,595675
261650,595666.08
261644.36,595655.64
261636,595639
261629.28,595625
261625,595615.76
261620.48,595604.48
261609.44,595575
261601.5,595551.52
261595.46,595529.52
261592.8,595517.8
261589.16,595500
261586.18,595475
261585.42,595450
261587.24,595425
261591.26,595400
261593.04,595393.08
261596.38,595378.64
261600,595365.8
261607.1,595342.88
261609.9,595334.88
261613.02,595325
261616.16,595316.2
261619.6,595305.36
261622.4,595297.36
261625,595289.64
261628.84,595278.8
261632.68,595267.32
261635.22,595260.24
261638.54,595250
261641.42,595241.44
261644.92,595230.08
261647.4,595222.36
261650,595213.76
261653.4,595203.36
261659.24,595184.24
261661.96,595175
261664.82,595164.8
261668.9,595150
261675,595125.56
261680.32,595105.32
261700,595025.32
261716.2,594966.2
261725,594932.24
261731.96,594907
261733.76,594900
261742.34,594867.32
261745.5,594854.48
261747.38,594847.36
261750,594837.08
261752.66,594827.64
261754.58,594820.44
261758.08,594808.08
261760.22,594800
261768.82,594768.8
261773.38,594751.64
261779.62,594729.64
261787.6,594700
261793.54,594675
261798.16,594651.88
261800,594639.92
261802.24,594627.24
261805.04,594605.08
261806.18,594593.8
261806.68,594581.68
261807.18,594575
261807.28,594567.76
261807.02,594557
261807.1,594550
261806.76,594543.24
261805.54,594530.56
261804.78,594520.24
261802.06,594502.08
261800,594489.88
261794.9,594455.12
261793.04,594443
261791.9,594433.08
261790.76,594425
261789.1,594400
261790.38,594375
261793.76,594356.24
261796.16,594346.12
261800,594334.36
261803.18,594328.2
261821.34,594300
261836.88,594286.88
261850,594276.44
261873.88,594273.88
261891.4,594283.64
261900,594289.56
261904.4,594295.64
261914.64,594310.36
261925,594325
261933.92,594341.08
261943.34,594356.64
261950,594366.32
261955.36,594375
261963.38,594386.64
261975,594401
261986.08,594413.92
261997.44,594425
262012.22,594437.8
262025,594447.24
262041.4,594458.56
262057,594468
262089.3,594485.68
262100,594491.24
262105.72,594494.24
262116.88,594500
262150,594518.8
262161.38,594525
262169.88,594530.12
262185.72,594539.24
262193.34,594543.36
262200,594547
262205.78,594550
262217.9,594557.08
262237.5,594567.68
262237.5,594562.48
262262.5,594537.52
262262.5,594512.48
262262.5,594487.52
262262.5,594462.48
262262.5,594437.52
262287.5,594412.48
262287.5,594387.52
262312.5,594362.48
262312.5,594337.52
262337.5,594312.48
262337.5,594287.52
262362.5,594262.48
262387.5,594237.52
262387.5,594212.48
262387.5,594187.52
262387.5,594162.48
262395.38,594154.61
262405.66,594080.64
262409.46,594075
262414.18,594064.2
262426.82,594050
262435.12,594039.88
262449.66,594025
262463.12,594013.12
262475,594003.24
262500,593984.48
262515.06,593975
262521,593971
262567.44,593942.44
262582.56,593932.56
262593.32,593925
262600,593919.8
262610.72,593910.68
262622.1,593900
262635.22,593885.24
262643.22,593875
262650,593865.36
262655.96,593855.92
262659.32,593850
262664.84,593839.88
262669.34,593830.68
262673.12,593823.12
262680.76,593805.76
262687.82,593787.8
262692.6,593775
262700,593754.44
262718.5,593700
262727.6,593672.36
262734.56,593650
262741.16,593625
262745.34,593604.68
262746.66,593596.64
262749.16,593575.8
262750,593554.08
262748.6,593526.44
262745.4,593504.56
262742.9,593492.92
262740.9,593484.08
262738.6,593475
262735.54,593464.44
262731,593450
262725,593432.48
262722.18,593425
262716.32,593408.68
262712.72,593400
262709.6,593390.44
262705.88,593380.88
262703.04,593371.92
262700,593362.2
262696.88,593353.12
262694.22,593344.24
262692.18,593332.8
262690.16,593325
262689.56,593314.56
262688.94,593300
262690.68,593290.68
262693.28,593281.68
262694.78,593275
262698.22,593268.56
262715.29,593247.88
262751.1,593219.93
262775.96,593207.82
262807.15,593201.26
262856.52,593202.23
262931.3,593212.54
262991.79,593231.11
263055.26,593244.02
263083.29,593241.36
263119.1,593232.04
263143.96,593219.93
263168.3,593201.13
263197.67,593157.52
263225.28,593094.64
263229.34,593079.36
263233.76,593058.76
263235.4,593050
263239.18,593025
263246.4,592971.36
263249.9,592950.08
263254.72,592929.68
263259,592916
263264.62,592900
263268.06,592893.08
263275,592880.2
263287.72,592862.68
263298.46,592850
263313.12,592838.12
263325,592829.2
263331.44,592825
263343.44,592818.44
263350,592815.08
263360.34,592810.36
263375,592803.92
263385.32,592800
263396.32,592796.32
263415.62,592790.64
263425,592787.92
263450,592781.68
263473.46,592776.48
263481.04,592775
263525,592767.08
263550,592763.12
263575,592759.88
263600,592757.64
263625,592756.68
263650,592757.32
263675,592759.88
263700,592764.44
263708.22,592766.76
263719.9,592769.92
263727.66,592772.36
263734.82,592775
263745.82,592779.2
263761.16,592786.2
263775,592792.8
263787.12,592800
263795.06,592804.92
263809.82,592815.2
263823.44,592825
263850,592847.64
263863.62,592861.36
263875,592872.32
263888.1,592886.88
263900,592899.44
263911.16,592913.88
263920.54,592925
263932.56,592942.44
263938.38,592950
263942.34,592957.68
263950,592970.68
263954.56,592979.56
263959,592991
263963.18,593000
263965,593010
263966.6,593016.56
263968.28,593025
263967.96,593032.08
263968.1,593043.08
263967.76,593050
263964.96,593060
263960.62,593075
263957.18,593082.2
263950,593094.76
263937.96,593112
263927.4,593125
263914.44,593139.44
263904.1,593150
263890.32,593165.32
263881.22,593175
263875,593183.44
263867.84,593192.8
263862.56,593200
263858.68,593208.68
263853.16,593221.8
263850,593236.88
263848.24,593248.24
263850,593266.68
263850.84,593274.2
263856.5,593293.52
263858.28,593300
263863.4,593311.56
263869.06,593325
263879.6,593345.36
263900,593383.12
263906.22,593393.8
263915,593410
263923.38,593426.64
263931.46,593443.56
263934.44,593450
263938.54,593461.44
263943.18,593475
263948.24,593498.24
263950,593520.92
263950,593528.48
263948.5,593548.48
263944,593569
263938.24,593586.76
263933.32,593600
263925,593616.44
263922.22,593622.2
263915.18,593634.8
263906.32,593650
263900,593659.8
263894.22,593669.2
263884.54,593684.56
263875,593699.32
263859.54,593725
263846.06,593750
263835.32,593775
263828.34,593796.68
263825,593811.24
263822.72,593822.68
263820.44,593845.44
263820.12,593854.88
263820.56,593870.56
263821.12,593878.88
263823.76,593898.76
263828.94,593921.08
263832.6,593932.56
263835.06,593939.92
263838.68,593950
263842.16,593957.88
263850,593974.92
263859.16,593990.88
263864.56,594000
263875,594015.68
263878.78,594021.24
263889.34,594035.64
263900,594049.92
263910.96,594064.08
263919.18,594075
263945.17,594104.83
263962.5,594087.52
263987.5,594062.48
263987.5,594037.52
264012.5,594012.48
264012.5,593987.52
264037.5,593962.48
264037.5,593937.52
264037.5,593912.48
264037.5,593887.52
264062.5,593862.48
264062.5,593837.52
264062.5,593812.48
264087.5,593787.52
264087.5,593762.48
264087.5,593737.52
264087.5,593712.48
264087.5,593687.52
264087.5,593662.48
264087.5,593637.52
264112.5,593612.48
264112.5,593587.52
264112.5,593562.48
264112.5,593537.52
264112.5,593512.48
264137.5,593487.52
264137.5,593462.48
264137.5,593437.52
264162.5,593412.48
264187.5,593387.52
264187.5,593362.48
264212.5,593337.52
264212.5,593312.48
264237.5,593287.52
264237.5,593262.48
264237.5,593237.52
264237.5,593212.48
264262.5,593187.52
264262.5,593162.48
264262.5,593137.52
264287.5,593112.48
264287.5,593087.52
264287.5,593062.48
264287.5,593037.52
264312.5,593012.48
264312.5,592987.52
264312.5,592962.48
264312.5,592937.52
264337.5,592912.48
264337.5,592903.44
264357.68,592907.68
264365.56,592909.44
264375,592911.32
264400,592916
264451.16,592923.88
264472.44,592927.56
264500,592932.68
264576.4,592948.64
264600,592953
264619.1,592955.92
264650,592959.64
264673.04,592961.2
264728.83,592960.71
264806.63,592953.68
264870.08,592945.23
264930.03,592931.05
264978.29,592915.83
265049.35,592885.65
265093.93,592860.91
265156.23,592819.91
265188.93,592799.79
265226.92,592781.99
265266.46,592768.36
265267.84,592767.88
265275,592765.52
265286.84,592761.8
265306.12,592756.12
265323.62,592751.36
265360.22,592739.76
265375,592734.92
265382.4,592732.36
265397.66,592727.36
265404.32,592725
265418.88,592718.88
265425,592716.44
265436.54,592711.52
265464.54,592700
265471.5,592696.48
265484.56,592690.44
265500,592683.52
265506,592681
265542.1,592667.12
265550,592664.44
265561.32,592661.32
265575,592657.88
265581.54,592656.48
265602.88,592652.88
265624.4,592650.56
265648.66,592648.64
265672.4,592647.36
265696.34,592646.36
265703.88,592646.12
265720.1,592645.12
265730.4,592644.56
265743.54,592643.52
265750,592643.12
265757.56,592642.44
265766.46,592641.44
265775,592640.68
265800,592637.56
265825,592633.64
265853.62,592628.64
265872.34,592625
265907.32,592617.68
265916.12,592616.12
265925,592614.2
265936.96,592611.92
265950,592609.08
265957.32,592607.32
265991.99,592596.65
266126.5,592410.24
266214.4,592252.08
266180.17,592067.2
266190.88,592065.88
266200,592064.92
266333.17,592050.02
266382,592040.35
266453.43,592015.56
266568.75,591960.04
266620.63,591935.98
266665.93,591918.06
266714.19,591902.51
266802.88,591882.56
266821.38,591878.64
266839.96,591875
266838.57,591867.89
266715.32,591891.76
266355,591935.68
266212.5,592012.48
266187.5,592012.48
266162.5,592012.48
266137.5,592012.48
266112.5,592012.48
266087.5,592012.48
266062.5,592012.48
266037.5,592012.48
266012.5,592037.52
265987.5,592037.52
265962.5,592037.52
265937.5,592062.48
265912.5,592062.48
265887.5,592087.52
265862.5,592087.52
265837.5,592112.48
265812.5,592112.48
265787.5,592112.48
265762.5,592137.52
265760.68,592139.34
265715.68,592134.32
265708.82,592133.8
265700,592132.92
265692.96,592132
265682.54,592130.8
265581.43,592122.87
265519.94,592111.95
265436.46,592106.71
265308.59,592111.95
265183.26,592117.7
265092.67,592114.93
265050,592109.24
265043,592107
265026.62,592100
265019.9,592094.88
265011.62,592088.36
265000,592076.68
264990.18,592059.8
264985.62,592050
264982.88,592042.12
264977.28,592022.76
264972.94,592002.08
264965.62,591965.64
264962.34,591950
264959.82,591940.2
264957.6,591932.56
264955.54,591925
264950,591908.56
264947.56,591902.44
264942.18,591892.2
264939.04,591886
264932.18,591875
264925,591864.76
264917.4,591857.64
264906.88,591850
264900,591845.2
264884.06,591840.92
264875,591839.32
264865.22,591840.24
264850,591841.12
264843.34,591843.32
264827.68,591847.32
264820.18,591850
264805.1,591855.12
264789.38,591860.64
264768.44,591868.44
264750.24,591874.76
264730.4,591880.44
264716.68,591883.32
264700,591886.2
264675,591885.92
264666.32,591883.68
264654.96,591880
264647.88,591877.12
264635,591865
264625,591852.76
264618.34,591831.68
264616.96,591825
264617.06,591817.08
264616.6,591808.36
264616.68,591800
264618.38,591793.36
264621.12,591778.88
264625,591768
264631.28,591756.24
264634.1,591750
264641.16,591741.12
264650,591728.56
264665.76,591715.76
264675,591707.92
264687.96,591700
264696.18,591696.2
264708.56,591691.44
264714.68,591689.68
264725,591686.08
264734.46,591684.48
264742.38,591682.64
264750,591681.2
264770.54,591679.44
264795.34,591679.68
264805.68,591680.68
264818.5,591681.52
264833.62,591683.64
264840.76,591684.24
264850,591685.76
264875,591687.92
264900,591687.88
264911.04,591686.08
264925,591683.32
264931.06,591681.08
264945.46,591675
264952.84,591672.12
264965.9,591665.88
264975,591661.08
264981.62,591656.64
264990.9,591650
264996.76,591646.76
265011.72,591636.76
265050,591609.32
265061.4,591600
265075,591590.68
265094.6,591575
265100,591571.24
265125,591550.92
265150,591529.52
265175,591505.56
265180,591500
265189.82,591489.8
265200,591479
265224.56,591449.56
265235.5,591435.52
265243.54,591425
265250,591416.88
265262.24,591400
265275,591383.24
265281,591375
265300,591350.36
265320.62,591325
265334.34,591309.36
265342.68,591300
265350,591292.32
265367.04,591275
265375,591267.36
265393.9,591250
265400,591244.68
265423.62,591225
265450,591204.56
265475,591186.24
265560.9,591125
265569.06,591119.08
265594.44,591100
265611.62,591086.64
265626.1,591075
265639.16,591064.2
265655.76,591050
265665.94,591040.92
265683.5,591025
265692,591017
265709.72,591000
265734.72,590975
265750,590959.2
265759.06,590950
265775,590933.36
265800,590907.8
265825,590883.32
265842.24,590867.24
265855.38,590855.36
265868.76,590843.76
265882.24,590832.24
265909.66,590809.68
265950,590777.2
265964.82,590764.8
265975,590756.44
265982.62,590750
265991.9,590741.92
266000,590735
266005.28,590730.32
266011.32,590725
266018.4,590718.36
266025,590712.36
266038.16,590700
266062.9,590675
266085.5,590650
266100,590631.8
266105.56,590625
266123.16,590600
266133.06,590583.08
266137.88,590575
266149.28,590550.76
266158.62,590525
266164.9,590500
266168.88,590475
266170.82,590454.2
266171.32,590446.32
266172.34,590427.68
266174.34,590350.64
266175.5,590325.52
266178.32,590278.32
266178.94,590271.08
266179.66,590254.64
266180.28,590244.68
266180.4,590230.36
266180.62,590219.36
266179.4,590195.64
266176.54,590176.56
266175,590169.76
266170.96,590154.08
266165.54,590140.56
266158.34,590125
266150,590112.36
266145.32,590104.68
266134.54,590090.44
266111.46,590063.56
266100,590051.12
266087.78,590037.24
266076.84,590025
266064.46,590010.48
266055.72,590000
266050,589993.44
266025,589961.08
265968.06,589881.92
265937.5,589839.32
265937.5,589837.52
265937.5,589812.48
265962.5,589787.52
265987.5,589762.48
266012.5,589737.52
266037.5,589712.48
266062.5,589687.52
266062.5,589662.48
266087.5,589637.52
266087.5,589612.48
266112.5,589587.52
266137.5,589562.48
266162.5,589537.52
266162.5,589512.48
266187.5,589487.52
266212.5,589462.48
266237.5,589437.52
266237.5,589412.48
266262.5,589387.52
266262.5,589362.48
266287.5,589337.52
266287.5,589312.48
266312.5,589287.52
266312.5,589262.48
266337.5,589237.52
266337.5,589212.48
266362.5,589187.52
266362.5,589162.48
266362.5,589137.52
266362.5,589112.48
266362.5,589087.52
266362.5,589062.48
266362.5,589037.52
266362.5,589012.48
266362.5,588987.52
266362.5,588962.48
266362.5,588937.52
266362.5,588912.48
266337.5,588887.52
266337.5,588862.48
266337.5,588837.52
266362.5,588812.48
266362.5,588787.52
266362.5,588762.48
266387.5,588737.52
266387.5,588712.48
266387.5,588687.52
266387.5,588662.48
266412.5,588637.52
266412.5,588612.48
266437.5,588587.52
266437.5,588562.48
266462.5,588537.52
266462.5,588512.48
266462.5,588487.52
266487.5,588462.48
266487.5,588437.52
266487.5,588412.48
266512.5,588387.52
266512.5,588362.48
266512.5,588337.52
266537.5,588312.48
266537.5,588287.52
266562.5,588262.48
266562.5,588237.52
266587.5,588212.48
266587.5,588187.52
266587.5,588162.48
266587.5,588137.52
266587.5,588112.48
266587.5,588087.52
266612.5,588062.48
266637.5,588037.52
266662.5,588012.48
266687.5,587987.52
266687.5,587962.48
266712.5,587937.52
266712.5,587912.48
266712.5,587887.52
266737.5,587862.48
266737.5,587837.52
266737.5,587812.48
266737.5,587787.52
266737.5,587762.48
266737.5,587737.52
266737.5,587712.48
266737.5,587687.52
266737.5,587662.48
266737.5,587637.52
266737.5,587612.48
266762.5,587587.52
266762.5,587562.48
266762.5,587537.52
266762.5,587512.48
266762.5,587487.52
266762.5,587462.48
266762.5,587437.52
266762.5,587412.48
266762.5,587387.52
266762.5,587362.48
266762.5,587337.52
266762.5,587312.48
266787.5,587287.52
266787.5,587262.48
266787.5,587237.52
266787.5,587212.48
266787.5,587187.52
266787.5,587162.48
266787.5,587137.52
266787.5,587112.48
266787.5,587087.52
266787.5,587062.48
266812.5,587037.52
266812.5,587012.48
266812.5,586987.52
266837.5,586962.48
266837.5,586937.52
266862.5,586912.48
266862.5,586887.52
266862.5,586862.48
266862.5,586837.52
266862.5,586812.48
266862.5,586787.52
266862.5,586762.48
266862.5,586737.52
266862.5,586712.48
266862.5,586687.52
266862.5,586662.48
266862.5,586637.52
266887.5,586612.48
266887.5,586587.52
266887.5,586562.48
266912.5,586537.52
266912.5,586512.48
266912.5,586487.52
266912.5,586462.48
266937.5,586437.52
266937.5,586412.48
266962.5,586387.52
266961.4,586267.32
266987.76,586135.52
267110.92,586026.8
267113,586000
267115.38,585950
267116,585941
267116.32,585933.68
267117.34,585917.36
267117.78,585907.2
267118.22,585900
267118.54,585893.56
267119.32,585869.32
267119.46,585844.44
267118.76,585818.76
267118,585807
267117.68,585800
267116.96,585791.92
267116.12,585783.88
267115.34,585775
267112.06,585750
267110.24,585739.76
267107.82,585725
267106.44,585718.56
267103.5,585703.52
267100,585688.24
267097.18,585677.8
267094.94,585669.92
267091.5,585658.48
267089,585650
267075,585606.76
267065.84,585584.12
267050,585546.08
267042.68,585532.32
267025,585500.2
267014.54,585485.52
267000,585465.76
266975,585439.24
266950,585417.92
266939.72,585410.24
266926.5,585400
266910.72,585389.32
266900,585381.68
266889.66,585375
266880.66,585369.32
266875,585365.52
266865.1,585359.88
266851.6,585351.64
266832.68,585342.32
266825,585338.32
266781.02,585326.56
266736.57,585321.57
266687.74,585326.5
266653.02,585336.55
266590.26,585367.86
266558.79,585379.85
266530.34,585386.51
266465.82,585397.35
266411.23,585423.14
266349.52,585444.34
266277.89,585461.44
266218,585466
266216.04,585466
266208.82,585466.2
266191.38,585466.36
266175,585466.68
266137.5,585467.12
266137.5,585462.48
266112.5,585437.52
266112.5,585412.48
266112.5,585387.52
266087.5,585362.48
266087.5,585337.52
266087.5,585312.48
266087.5,585287.52
266087.5,585262.48
266062.5,585237.52
266062.5,585212.48
266037.5,585187.52
266012.5,585162.48
265987.5,585137.52
265962.5,585112.48
265937.5,585087.52
265937.5,585062.48
265912.5,585037.52
265887.5,585012.48
265862.5,584987.52
265837.5,584962.48
265812.5,584937.52
265787.5,584912.48
265762.5,584887.52
265737.5,584862.48
265737.5,584837.52
265737.5,584812.48
265737.5,584787.52
265737.5,584762.48
265737.5,584737.52
265737.5,584712.48
265737.5,584687.52
265737.5,584662.48
265737.5,584637.52
265737.5,584612.48
265737.5,584587.52
265737.5,584562.48
265737.5,584537.52
265737.5,584512.48
265737.5,584487.52
265737.5,584462.48
265737.5,584437.52
265737.5,584412.48
265737.5,584387.52
265737.5,584362.48
265762.5,584337.52
265762.5,584312.48
265762.5,584287.52
265762.5,584262.48
265762.5,584237.52
265787.5,584212.48
265787.5,584187.52
265787.5,584162.48
265787.5,584137.52
265812.5,584112.48
265831.77,584093.24
265826.62,584050
265825.62,584025.64
265825.78,584000.76
265827.5,583977.52
265830.76,583955.76
265834.4,583940.64
265838.88,583925
265842.04,583917
265849.32,583900.68
265859.18,583884.2
265865.46,583875
265869.62,583869.64
265887.5,583849.43
265887.5,583837.52
265887.5,583812.48
265912.5,583787.52
265912.5,583762.48
265912.5,583737.52
265912.5,583712.48
265912.5,583687.52
265912.5,583662.48
265912.5,583637.52
265937.5,583612.48
265937.5,583587.52
265937.5,583562.48
265962.5,583537.52
265962.5,583512.48
265962.5,583487.52
265987.5,583462.48
265987.5,583437.52
266012.5,583412.48
266037.5,583387.52
266037.5,583362.48
266062.5,583337.52
266062.5,583312.48
266087.5,583287.52
266112.5,583262.48
266137.5,583237.52
266137.5,583212.48
266137.5,583187.52
266162.5,583162.48
266187.5,583137.52
266212.5,583112.48
266212.5,583087.52
266212.5,583062.48
266237.5,583037.52
266237.5,583012.48
266262.5,582987.52
266262.5,582962.48
266262.5,582937.52
266287.5,582912.48
266287.5,582887.52
266287.5,582862.48
266287.5,582837.52
266287.5,582812.48
266287.5,582787.52
266287.5,582762.48
266287.5,582737.52
266287.5,582712.48
266262.5,582687.52
266262.5,582662.48
266262.5,582637.52
266262.5,582612.48
266262.5,582587.52
266262.5,582562.48
266262.5,582537.52
266262.5,582512.48
266262.5,582487.52
266262.5,582462.48
266262.5,582437.52
266262.5,582412.48
266262.5,582387.52
266237.5,582362.48
266237.5,582337.52
266237.5,582312.48
266237.5,582287.52
266237.5,582262.48
266237.5,582237.52
266262.5,582212.48
266262.5,582187.52
266262.5,582162.48
266287.5,582137.52
266287.5,582112.48
266287.5,582087.52
266287.5,582062.48
266312.5,582037.52
266312.5,582012.48
266337.5,581987.52
266362.5,581962.48
266362.5,581937.52
266362.5,581912.48
266362.5,581887.52
266387.5,581862.48
266387.5,581837.52
266387.5,581812.48
266387.5,581787.52
266412.5,581762.48
266437.5,581737.52
266462.5,581712.48
266462.5,581687.52
266462.5,581662.48
266462.5,581637.52
266462.5,581612.48
266462.5,581587.52
266462.5,581562.48
266462.5,581537.52
266462.5,581512.48
266462.5,581487.52
266462.5,581462.48
266462.5,581437.52
266462.5,581412.48
266462.5,581387.52
266462.5,581362.48
266462.5,581337.52
266487.5,581312.48
266487.5,581287.52
266512.5,581262.48
266512.5,581237.52
266537.5,581212.48
266537.5,581187.52
266537.5,581162.48
266562.5,581137.52
266562.5,581112.48
266562.5,581087.52
266562.5,581062.48
266562.5,581037.52
266562.5,581012.48
266562.5,580987.52
266562.5,580962.48
266537.5,580937.52
266537.5,580912.48
266537.5,580887.52
266537.5,580862.48
266537.5,580837.52
266537.5,580812.48
266537.5,580787.52
266537.5,580762.48
266537.5,580737.52
266537.5,580712.48
266537.5,580687.52
266537.5,580662.48
266537.5,580637.52
266537.5,580612.48
266537.5,580587.52
266537.5,580562.48
266537.5,580537.52
266512.5,580512.48
266487.5,580487.52
266462.5,580462.48
266462.5,580437.52
266437.5,580412.48
266412.5,580387.52
266412.5,580362.48
266387.5,580337.52
266387.5,580312.48
266362.5,580287.52
266362.5,580262.48
266337.5,580237.52
266312.5,580212.48
266312.5,580187.52
266312.5,580162.48
266287.5,580137.52
266287.5,580112.48
266287.5,580087.52
266262.5,580062.48
266262.5,580037.52
266262.5,580012.48
266262.5,579987.52
266262.5,579962.48
266237.5,579937.52
266237.5,579912.48
266212.5,579887.52
266212.5,579862.48
266212.5,579837.52
266187.5,579812.48
266187.5,579787.52
266187.5,579762.48
266187.5,579737.52
266187.5,579712.48
266187.5,579687.52
266187.5,579662.48
266187.5,579637.52
266162.5,579612.48
266162.5,579587.52
266162.5,579562.48
266137.5,579537.52
266137.5,579512.48
266137.5,579487.52
266112.5,579462.48
266112.5,579437.52
266112.5,579412.48
266112.5,579387.52
266112.5,579362.48
266112.5,579337.52
266137.5,579312.48
266137.5,579287.52
266137.5,579262.48
266137.5,579237.52
266137.5,579212.48
266151.01,579198.99
266118.1,579193.08
266108,579192
266100,579190.36
266075,579187.36
266050,579185.12
266040.54,579184.48
266034.12,579184.12
266025,579183.52
266017.24,579182.76
266006.96,579181.92
265994.56,579180.44
265972.78,579177.24
265962.44,579175
265952.32,579172.68
265945.88,579170.88
265933.38,579166.64
265925,579164
265915.24,579159.76
265906.16,579156.2
265900,579153.64
265893.24,579150
265881.66,579143.32
265875,579139.8
265866.06,579133.92
265851.12,579125
265836.38,579113.64
265825,579105.52
265817.54,579100
265808.12,579091.88
265794.1,579080.88
265786.06,579075
265780.4,579069.64
265775,579064.88
265766.84,579058.2
265756.5,579050
265750,579038.88
265744.68,579030.32
265741.04,579016.08
265740.32,579009.68
265739.28,579000
265741.22,578991.24
265742.84,578982.2
265744.32,578975
265750,578961.24
265753.06,578953.08
265757.78,578942.24
265760.9,578935.92
265765.82,578925
265769,578919
265781.18,578893.8
265785.38,578885.36
265790,578875
265793.04,578868.08
265800,578850
265806.32,578831.32
265808.18,578825
265813.62,578800
265814.72,578789.76
265816.12,578775
265816.18,578766.2
265816.04,578758.92
265816.1,578750
265813.44,578725
265808.6,578700
265801.96,578676.92
265794.54,578655.52
265787.06,578637.92
265780.88,578625
265775,578614.48
265769.94,578605.08
265760.04,578590
265750,578576.36
265737.94,578562.08
265712.5,578534.64
265712.5,578512.48
265712.5,578487.52
265712.5,578462.48
265712.5,578437.52
265712.5,578412.48
265712.5,578387.52
265712.5,578362.48
265712.5,578337.52
265712.5,578312.48
265712.5,578287.52
265712.5,578262.48
265712.5,578237.52
265712.5,578212.48
265712.5,578187.52
265712.5,578162.48
265712.5,578137.52
265712.5,578112.48
265712.5,578087.52
265712.5,578062.48
265712.5,578037.52
265712.5,578012.48
265712.5,577987.52
265712.5,577962.48
265737.5,577937.52
265737.5,577912.48
265737.5,577887.52
265737.5,577862.48
265737.5,577837.52
265737.5,577812.48
265737.5,577787.52
265712.5,577762.48
265712.5,577737.52
265712.5,577712.48
265712.5,577687.52
265712.5,577662.48
265712.5,577637.52
265712.5,577612.48
265712.5,577587.52
265712.5,577562.48
265712.5,577537.52
265712.5,577512.48
265712.5,577487.52
265712.5,577462.48
265712.5,577437.54
265731.28,577406.32
265734.54,577400
265740.32,577390.32
265746.38,577378.64
265750,577372
265757.68,577357.68
265761.38,577350
265766.16,577341.2
265773.28,577326.76
265783.24,577308.24
265787.5,577300
265792.6,577292.56
265800,577280.36
265805.9,577269.08
265810.78,577260.76
265815.68,577250
265819.44,577244.44
265837.31,577212.29
265812.5,577187.52
265787.5,577162.48
265762.5,577137.52
265762.5,577112.48
265762.5,577087.52
265762.5,577062.48
265737.5,577037.52
265737.5,577012.48
265737.5,576987.52
265737.5,576962.48
265737.5,576937.52
265737.5,576912.48
265737.5,576887.52
265737.5,576862.48
265737.5,576837.52
265737.5,576812.48
265737.5,576787.52
265737.5,576762.48
265737.5,576737.52
265737.5,576712.48
265712.5,576687.52
265712.5,576662.48
265712.5,576637.52
265687.5,576612.48
265687.5,576587.52
265687.5,576562.48
265687.5,576537.52
265678.26,576528.26
265679.04,576516.56
265679.04,576498.18
265678.09,576475.78
265675.69,576456.96
265667.94,576425
265663.62,576411.36
265659.82,576400
265644.16,576355.8
265637.5,576338.2
265637.5,576337.52
265637.5,576312.48
265612.5,576287.52
265612.5,576262.48
265612.5,576237.52
265612.5,576212.48
265587.5,576187.52
265562.5,576162.48
265537.5,576137.52
265587.5,576012.48
265587.5,575987.52
265587.5,575962.48
265587.5,575937.52
265587.5,575912.48
265587.5,575887.52
265587.5,575862.48
265587.5,575837.52
265587.5,575812.48
265587.5,575787.52
265562.5,575762.48
265562.5,575737.52
265562.5,575712.48
265562.5,575687.52
265562.5,575662.48
265537.5,575637.52
265537.5,575612.48
265537.5,575587.52
265512.5,575562.48
265512.5,575537.52
265512.5,575512.48
265512.5,575487.52
265512.5,575462.48
265512.5,575437.52
265512.5,575412.48
265512.5,575387.52
265512.5,575362.48
265512.5,575337.52
265512.5,575312.48
265487.5,575287.52
265487.5,575262.48
265487.5,575237.52
265487.5,575212.48
265487.5,575187.52
265487.5,575162.48
265487.5,575137.52
265487.5,575129.12
265459.9,575115.08
265450,575108.68
265438.72,575100
265431.76,575093.24
265425,575080.24
265395,575037.52
265362.5,575037.52
265337.5,575037.52
265312.5,575037.52
265287.5,575037.52
265262.5,575037.52
265237.5,575037.52
265217.44,575037.52
265187.28,575012.68
265173.4,575000
265161.82,574988.2
265150,574975.12
265138.62,574961.36
265129.82,574950
265125,574943.52
265117.32,574932.68
265107.24,574917.76
265096.16,574900
265090.46,574890.44
265081.5,574875
265070.24,574854.76
265061.6,574838.44
265036.06,574788.92
265029.24,574775
265015.96,574750
265001.44,574723.56
264992.76,574707.24
264984.22,574690.76
264977.62,574677.64
264967.82,574657.2
264964.5,574650
264953.72,574625
264945.78,574604.2
264941.56,574591.56
264937.5,574578.48
264937.5,574562.48
264937.5,574537.52
264916.72,574516.71
264928.24,574428.24
264929.62,574420.36
264933.66,574400
264939.78,574375
264950,574337.56
264979,574206.78
265010.14,574082.56
265023.89,574055.44
265050.45,574025.14
265094.52,573990.14
265131.31,573963.47
265172.9,573942.92
265201.41,573925.26
265227.19,573908.3
265258.38,573875.84
265281.66,573837
265283.6,573833.56
265288,573825
265291.68,573816.68
265297.66,573802.32
265300,573796
265305.1,573780.08
265308.94,573766.08
265313.1,573750
265329.18,573679.2
265334.54,573659.56
265337.4,573650
265340.72,573640.68
265347.82,573622.8
265356.06,573606.08
265359.34,573600
265365.46,573590.48
265375,573577.2
265386.06,573563.92
265399.04,573550
265412.44,573537.44
265425,573526.44
265439.24,573514.24
265450,573505.68
265456.22,573500
265466.38,573491.36
265475,573484.32
265484.56,573475
265500,573461.76
265505.6,573455.64
265510.24,573450
265517.78,573442.76
265525,573435.2
265529.29,573429.3
265537.5,573437.52
265612.5,573387.52
265512.5,573362.48
265512.5,573337.52
265512.5,573312.48
265512.5,573287.52
265512.5,573262.48
265512.5,573237.52
265512.5,573212.48
265512.5,573187.52
265487.5,573162.48
265487.5,573137.52
265487.5,573112.48
265487.5,573108.41
265500,573024.68
265504.16,573004.2
265506.9,572993.12
265511.62,572975
265518.82,572950
265534.12,572900
265543.32,572868.32
265550,572843.36
265553.76,572828.76
265556,572819
265558.54,572808.48
265562.94,572787.92
265565.54,572775
265567.06,572767.08
265568.84,572756.2
265570.66,572745.68
265573.34,572726.68
265576.46,572701.52
265578.78,572678.8
265580.72,572655.76
265582.82,572625
265584.1,572600
265585,572575
265585.46,572550
265585.4,572525
265584.68,572500
265583.18,572475
265580.82,572450
265577.72,572427.76
265573.18,572401.8
265568.62,572381.36
265567.12,572375
265560.28,572350
265557.84,572342.12
265553.5,572328.48
265550,572318.08
265545.22,572304.76
265533.5,572275
265525,572254.44
265516.24,572233.76
265508.62,572216.36
265493.1,572181.92
265489.88,572175
265485.28,572164.68
265475,572142.36
265466.12,572125
265455.72,572100
265446.94,572078.08
265435.34,572050
265424.04,572025
265416,572009
265407.38,571992.64
265400,571979.12
265389.44,571960.56
265383.18,571950
265362.5,571918.05
265362.5,571962.48
265387.5,571987.52
265387.5,572012.48
265312.5,571937.52
265287.5,571912.48
265262.5,571887.52
265237.5,571862.48
265235.43,571862.48
265193.34,571781.64
265185.44,571764.56
265182.6,571757.64
265179.34,571750
265171.46,571728.56
265168.04,571718
265165.12,571709.88
265162.06,571700
265158.9,571691.08
265155.66,571680.68
265152.76,571672.24
265150,571663.92
265142.18,571642.2
265139.56,571635.44
265135.82,571625
265132.76,571617.24
265127.28,571602.24
265118.68,571581.32
265116.22,571575
265111.54,571563.44
265106.24,571550
265100,571533.32
265097.56,571527.44
265090.66,571509.36
265087.22,571500
265084.22,571490.8
265079.18,571475
265075,571459.2
265072.88,571452.12
265068.16,571431.8
265066.62,571425
265062.94,571401.2
265057.6,571370.42
265057.6,571334.56
265069.28,571267.98
265097.27,571142.59
265127.92,571019.36
265156.95,570897.76
265181.76,570779.8
265182.72,570775
265190.12,570740.12
265193.46,570725
265199.1,570700.92
265204.34,570679.36
265211.96,570650
265219,570625
265227.24,570597.76
265234.54,570575
265243,570550
265253.16,570521.8
265265.06,570490.08
265287.5,570431.2
265287.5,570412.48
265287.5,570387.52
265287.5,570362.48
265287.5,570337.52
265287.5,570312.48
265287.5,570287.52
265287.5,570262.48
265287.5,570237.52
265287.5,570232.41
265237.5,570262.48
265212.5,570287.52
265187.5,570312.48
265162.5,570337.52
265137.5,570362.48
265112.5,570387.52
265087.5,570412.48
265062.5,570437.52
265037.5,570437.52
265012.5,570462.48
264987.5,570487.52
264962.5,570512.48
264937.5,570537.52
264912.5,570537.52
264887.5,570537.52
264862.5,570537.52
264837.5,570537.52
264812.5,570537.52
264787.5,570537.52
264762.5,570562.48
264737.5,570587.52
264712.5,570612.48
264637.58,570687.52
264612.5,570687.52
264587.5,570687.52
264562.5,570687.52
264537.5,570687.52
264512.5,570687.52
264487.5,570712.48
264462.5,570712.48
264437.5,570712.48
264412.5,570712.48
264387.5,570712.48
264362.5,570712.48
264337.5,570712.48
264312.5,570712.48
264287.5,570712.48
264262.5,570712.48
264237.5,570712.48
264212.5,570712.48
264187.5,570712.48
264162.5,570712.48
264137.5,570712.48
264112.5,570737.52
264087.5,570737.52
264062.5,570737.52
264037.5,570737.52
264012.5,570762.48
263987.5,570762.48
263962.5,570762.48
263937.5,570787.52
263912.5,570787.52
263887.5,570787.52
263862.5,570812.48
263837.5,570837.52
263812.5,570862.48
263787.5,570862.48
263762.5,570862.48
263737.5,570862.48
263712.5,570887.52
263687.5,570887.52
263587.5,570787.52
263562.5,570762.48
263537.5,570737.52
263512.5,570712.48
263512.5,570687.52
263487.5,570662.48
263487.5,570637.52
263487.5,570612.48
263487.5,570587.52
263487.5,570562.48
263462.5,570537.52
263462.5,570512.48
263462.5,570487.52
263437.5,570462.48
263437.5,570437.52
263437.5,570412.48
263437.5,570387.52
263437.5,570362.48
263437.5,570337.52
263412.5,570312.48
263412.5,570287.52
263387.5,570262.48
263387.5,570237.52
263387.5,570212.48
263387.5,570187.52
263362.5,570162.48
263362.5,570137.52
263362.5,570112.48
263362.5,570087.52
263337.5,570062.48
263337.5,570037.52
263337.5,570012.48
263337.5,569987.52
263337.5,569962.48
263337.5,569937.52
263337.5,569912.48
263337.5,569887.52
263362.5,569862.48
263362.5,569837.52
263362.5,569812.48
263362.5,569787.52
263362.5,569762.48
263362.5,569737.52
263362.5,569712.48
263362.5,569687.52
263362.5,569662.48
263362.5,569637.52
263362.5,569612.48
263362.5,569587.52
263362.5,569562.48
263362.5,569537.52
263362.5,569512.48
263362.5,569487.52
263362.5,569462.48
263362.5,569437.52
263362.5,569412.48
263362.5,569387.52
263362.5,569362.48
263362.5,569357.2
263310.18,569475
263292.06,569517.08
263288.5,569525
263284.54,569534.56
263277.76,569550
263275,569556.8
263266.54,569575
263253.9,569603.88
263250,569613.24
263244.06,569625
263238.18,569638.2
263222.94,569672.92
263219.24,569680.76
263215.18,569690.2
263210.56,569700
263207.56,569707.56
263199.4,569725.64
263191.04,569741.08
263185.56,569750
263181.66,569756.64
263175,569766.48
263167.94,569775
263159.54,569784.48
263150,569793.92
263143.28,569800
263134.24,569807.44
263050.42,569892.96
263036.57,569908.79
263026.85,569927.01
263019.77,569951.87
263013.58,569983.35
263008.85,570010.3
262991.8,570136.1
262969.57,570262.3
262965.82,570281.58
262962.32,570294.58
262955.33,570310.21
262940.26,570328.86
262924.11,570342.97
262907.43,570353.05
262886.38,570360.64
262885.84,570360.8
262875,570364.36
262865.54,570365.56
262858.76,570366.24
262850,570367.24
262825,570365.44
262800,570360.44
262779.66,570354.68
262772.46,570352.48
262735.28,570339.76
262703.82,570328.8
262679.12,570320.88
262650,570311.88
262602.18,570297.8
262575,570289.56
262550,570281.64
262522.22,570272.2
262500,570264.44
262416.12,570233.88
262379.1,570220.92
262341.5,570208.48
262303.44,570196.56
262275,570188
262223.04,570173
262153.24,570153.24
262128.92,570146.08
262117.02,570142.36
262063.62,570142.36
261959.4,570177.12
261931.32,570197.18
261916.84,570183.2
261907,570175
261900,570169.56
261889.02,570161
261878.16,570153.12
261860.12,570139.88
261850,570132.92
261838,570125
261814.6,570110.38
261671.87,570148.24
261352.36,570254.43
261058.61,570307.52
260893.7,570346.13
260764.86,570447.49
260682.41,570490.93
260543.26,570500.59
260419.58,570544.03
260285.59,570582.64
260141.29,570597.12
260079.45,570563.33
260089.76,570360.61
260105.22,570138.59
260105.22,569902.08
260100,569706.44
260076.56,569700
260065.68,569684.32
260062.22,569675
260057.32,569667.68
260050,569651.8
260041.36,569633.64
260038.02,569625
260032.76,569617.24
260019.88,569594.88
260013.84,569586.12
260007.1,569575
260000,569566.64
259993.32,569556.68
259989.46,569550
259982.72,569542.32
259975,569532.92
259969.04,569525
259960.12,569514.88
259950,569502.08
259945.84,569495.8
259939.26,569485.76
259930.94,569469.05
259912.5,569487.52
259887.5,569512.48
259862.5,569537.52
259837.5,569537.52
259812.5,569537.52
259787.5,569537.52
259762.5,569537.52
259737.5,569537.52
259712.5,569537.52
259687.5,569537.52
259662.5,569537.52
259637.5,569537.52
259630.04,569537.52
259620.06,569545.08
259605.48,569555.52
259600,569559.12
259590.52,569565.52
259574.44,569575.56
259559.6,569584.56
259543.62,569593.64
259525,569603.44
259518.18,569606.8
259510.66,569610.68
259493.68,569618.68
259478.92,569625
259458.5,569633.52
259450,569636.76
259440.38,569640.36
259431.62,569643.36
259408.28,569651.82
259384.74,569452.48
259385.12,569447.6
259371.44,569425
259364.96,569410.08
259360.76,569400
259355.2,569380.2
259353.18,569371.8
259350,569353.92
259346.96,569328.08
259346.4,569321.44
259345.54,569304.44
259345.16,569295.12
259344.84,569280.2
259344.76,569269.76
259345.1,569245.12
259345.68,569229.32
259346.08,569221.08
259347.32,569202.68
259350,569175.44
259353,569153
259354.04,569146
259356.54,569131.52
259357.56,569125
259362.34,569100
259364.62,569089.64
259372.54,569052.44
259375,569041.44
259377.84,569027.88
259379.22,569020.8
259382.1,569007.12
259385.82,568987.52
259387.5,568987.52
259412.5,568987.52
259437.5,568987.52
259462.5,568987.52
259482.16,568987.52
259526.41,568892.32
259532.66,568817.32
259533.62,568808.64
259534.32,568800
259536.66,568775
259539.4,568739.44
259540.2,568725
259540.6,568715.64
259541.32,568687.52
259487.5,568687.52
259337.5,568687.52
259212.5,568687.52
258824.76,568632.68
258520.51,568544.47
258212.5,568462.48
257869.64,568357.88
257535.66,568233.78
257578.63,568317.31
257604.99,568398.42
257623.82,568493.65
257627.58,568578.29
257616.29,568666.46
257575,568777.68
257543.92,568884.58
257522.83,569042.58
257533.37,569205.52
257569.18,569405.8
257582.96,569442.08
257584.94,569450
257587.56,569462.44
257590.12,569475
257591.5,569483.52
257592.78,569492.76
257593.9,569500
257596.82,569528.2
257597.96,569547.92
257598.74,569573.76
257598.54,569598.56
257597.6,569622.64
257595.84,569645.8
257595.06,569654.92
257593.32,569668.32
257592.64,569675
257588.38,569700
257585.78,569710.76
257582.52,569725
257575,569749.68
257567.62,569767.64
257564.82,569775
257559.98,569785
257553.1,569800
257550,569805.68
257543.06,569818.08
257539.44,569825
257533.88,569833.88
257525,569848.92
257514.52,569864.48
257507.9,569875
257494.34,569894.36
257490.68,569900
257483.96,569908.92
257475,569921.52
257452.76,569950
257439.68,569964.68
257430.76,569975
257425,569980.92
257415.4,569990.44
257406,570000
257400,570005.52
257389.48,570014.48
257377.64,570025
257350,570046.36
257333.1,570058.08
257325,570063.88
257318.22,570068.2
257308.44,570075
257300,570080.48
257287.88,570087.88
257275,570096.36
257269.2,570100
257257.08,570107.08
257250,570111.64
257241.46,570116.44
257228.04,570125
257221,570129
257209.94,570134.92
257200,570140.88
257193.96,570144
257183.66,570150
257150,570166.92
257133.4,570175
257127.54,570177.56
257118.24,570181.76
257110.12,570185.12
257100,570189.92
257092.96,570193
257078.88,570200
257071.76,570203.24
257058.94,570208.92
257042.42,570217.44
257010.9,570235.88
257000,570243.2
256990.82,570250
256981.54,570256.48
256975,570261.68
256967.68,570267.68
256959.68,570275
256954.44,570279.44
256941.68,570291.68
256925,570309.56
256917.76,570317.76
256911.9,570325
256906.52,570331.52
256895.82,570345.8
256885.76,570360.76
256880.62,570369.36
256862.5,570400.7
256862.5,570495.32
256847.68,570502.32
256833.74,570508.76
256825,570512.92
256816.96,570517
256797.78,570527.24
256784.72,570534.76
256775,570540.76
256769.42,570544.44
256761.76,570550
256750,570558.2
256740.36,570565.36
256725,570578.2
256713.24,570588.24
256700,570600.88
256687.46,570612.44
256675,570625.12
256669.96,570630
256659.68,570640.32
256650,570650.56
256637.76,570662.76
256625,570676.44
256613.34,570688.32
256600,570702.92
256589,570714
256575,570728.88
256564.3,570739.32
256550,570753.56
256538.66,570763.68
256521.24,570778.76
256500,570795.52
256493.1,570800
256475,570813.44
256467.54,570817.56
256453.6,570825
256446.24,570828.76
256433.46,570833.44
256425,570835.76
256411.46,570836.44
256400,570836.8
256375,570834.64
256366.88,570833.12
256356.4,570831.36
256345.72,570829.24
256324.54,570824.56
256300,570817.8
256288.66,570813.64
256275,570808.36
256250,570796.48
256242.24,570792.24
256235.9,570789.12
256225,570781.76
256218.24,570775
256209.06,570765.92
256193.62,570750
256185.1,570739.88
256175,570723.88
256166.76,570708.24
256162.6,570700
256158.22,570691.8
256150.76,570675.76
256142.82,570657.2
256140.1,570650
256135.76,570639.24
256130.32,570625
256125,570609.92
256122.46,570602.56
256113.74,570575
256106.26,570550
256100,570526.92
256086.94,570475
256084.62,570465.36
256082.48,570457.52
256080.6,570450
256075,570429.12
256068.62,570406.36
256062.68,570387.68
256056.28,570368.76
256042.08,570332.92
256034.4,570315.64
256025,570296.32
256017.86,570282.12
256014,570275
256009.22,570265.76
255991.44,570233.56
255986.56,570225
255982.6,570217.36
255970.94,570195.92
255959.96,570175
255954.74,570164.47
255946.96,570146.92
255942.09,570135.71
255893.85,570054.76
255867.49,570039.95
255830.59,570049.82
255793.69,570094.26
255733.1,570308.12
255725,570402.8
255722.46,570427.56
255720.44,570445.44
255717.64,570467.64
255716.6,570475
255714.4,570489.44
255712.68,570500
255707.8,570525
255706.38,570531.36
255702.12,570547.88
255700,570555.36
255693.02,570575
255687.6,570587.64
255679.56,570604.56
255675,570612.76
255667.18,570625
255660.12,570635.12
255648.72,570650
255637.54,570662.56
255625,570676
255612.84,570687.88
255598.28,570701.76
255572.66,570725
255550,570744.88
255525,570765.12
255519.3,570769.32
255511.26,570775
255500,570782.64
255488.94,570788.92
255475,570796.44
255467.06,570800
255450,570806.64
255435.9,570810.88
255425,570813.92
255416.04,570816.08
255407.2,570817.8
255395.36,570820.36
255375,570823.88
255367.82,570825
255317.86,570832.12
255308.6,570833.56
255300,570834.76
255286.78,570836.8
255243.14,570843.12
255221.04,570846
255198.48,570848.48
255174.72,570850.24
255150,570851.08
255125.4,570850.36
255101.7,570848.32
255080.18,570844.8
255059.82,570840.2
255050,570837.64
255040.46,570834.56
255031.3,570831.32
255025,570829.2
255004.3,570820.68
254988.36,570813.36
254975,570806.88
254962.2,570800
254954.16,570795.8
254938.08,570786.92
254925,570779.36
254906.54,570768.44
254891.04,570758.92
254860.52,570739.52
254850,570732.48
254830.72,570719.32
254816.16,570708.88
254804.1,570700
254787.64,570687.36
254775,570677.36
254759.9,570665.12
254750,570656.8
254741.68,570650
254725,570635.64
254712.1,570625
254700,570614.68
254675,570594.88
254663.52,570586.48
254650,570576.76
254633.66,570566.32
254625,570560.92
254618.04,570557
254605.34,570550
254594.26,570544.24
254585.22,570539.8
254575,570534.88
254568.24,570531.76
254487.5,570495.52
254487.5,570487.52
254462.5,570462.48
254462.5,570437.52
254462.5,570412.48
254437.5,570387.52
254437.5,570362.48
254437.5,570337.52
254437.5,570312.48
254412.5,570287.52
254412.5,570262.48
254412.5,570237.52
254412.5,570212.48
254412.5,570199.8
254382.66,570207.64
254350,570216.92
254343.4,570218.44
254325,570222.76
254319,570225
254306.32,570231.32
254300,570234.88
254292.34,570242.36
254285.32,570250
254281.62,570256.64
254273.76,570276.24
254272.02,570303
254273.84,570326.12
254275,570332.88
254278.14,570346.88
254279.86,570354.88
254283.34,570366.68
254285.22,570375
254288.98,570389
254291.78,570400
254293.54,570406.48
254298,570427
254300,570437.12
254302.62,570447.36
254303.86,570453.88
254307.04,570467.92
254310.8,570489.2
254312.46,570500
254316.76,570533.24
254317.56,570542.56
254319.06,570555.92
254320.1,570570.12
254321.04,570579
254324.42,570624.44
254327.04,570652
254329.28,570670.68
254330.26,570680.24
254332.14,570692.88
254332.94,570700
254335.32,570714.68
254336.8,570725
254341.34,570750
254343.02,570757
254345.82,570770.8
254350,570787.88
254354.82,570804.8
254358.6,570816.36
254361.06,570825
254366.28,570841.32
254370.62,570854.36
254375,570868
254378.76,570878.76
254383.5,570891.52
254386.3,570900
254389.9,570910.12
254392.06,570917.08
254396.1,570928.88
254400,570941.36
254402.22,570947.8
254404.18,570954.2
254408.36,570966.64
254419.62,571005.36
254435.32,571064.68
254437.84,571075
254440.32,571084.68
254442.1,571092.08
254450.38,571125.36
254463.96,571175
254472.2,571202.8
254475,571211.52
254479.6,571225
254488.68,571250
254491.82,571258.2
254500,571278.92
254506.44,571293.56
254525,571334.68
254532.6,571350
254546.34,571378.64
254550,571386.48
254557.04,571400
254575,571439.36
254580.18,571450
254598.94,571487.52
254590.04,571487.52
254587.64,571500
254588.24,571525
254588.48,571550
254588.42,571575
254587.34,571587.64
254586.18,571600
254583.9,571608.88
254579.76,571620.24
254575,571630.56
254567.12,571642.12
254560,571650
254550,571657.44
254539.18,571664.2
254532.64,571667.36
254522.54,571672.56
254516,571675
254500,571680.36
254492.88,571682.12
254484.34,571684.36
254475,571686.48
254450,571690.8
254432.32,571692.68
254405.16,571694.8
254395.16,571695.2
254379.04,571695.92
254370.94,571695.92
254353.24,571696.76
254346.66,571696.64
254323.04,571698
254308.62,571700
254300,571702.2
254293.62,571706.36
254285.7,571710.68
254275,571728.56
254276.32,571751.32
254282.74,571767.24
254284.5,571775
254291.4,571791.36
254306.28,571825
254312.36,571837.64
254328.78,571875
254335.08,571889.92
254339.16,571900
254348.06,571925
254350,571931.8
254355.66,571950
254357.04,571957.08
254358.62,571966.36
254360.46,571975
254361.06,571988.92
254361.72,572000
254360.04,572010.08
254358.4,572016.64
254354.76,572029.76
254350,572038.36
254343.32,572050
254334.42,572059.44
254325,572067.76
254316.2,572075
254306.44,572081.44
254300,572085.12
254290.68,572090.68
254273.1,572100
254257.62,572107.64
254250,572111.2
254221.18,572125
254207.1,572132.12
254190.68,572140.68
254173.9,572150
254159.26,572159.24
254150,572165.68
254144.3,572169.32
254136.16,572175
254129.96,572180
254125,572184.32
254116.18,572191.2
254105.82,572200
254100,572206.12
254090.04,572215.08
254079.68,572225
254075,572230.48
254064.86,572239.88
254054.4,572250
254050,572255.12
254023.64,572275
254000,572286.32
253975,572287.32
253950,572279.64
253931.62,572268.36
253925,572264
253917.46,572257.56
253909.2,572250
253900,572241.08
253892.36,572232.64
253886.06,572225
253881.18,572218.8
253875,572209.92
253868.2,572200
253859.08,572184.08
253852.76,572172.24
253850,572165.92
253842.18,572150
253836.54,572136.56
253830.08,572119.92
253825,572104.44
253822.22,572097.2
253816.66,572083.36
253813.78,572075
253809.9,572065.08
253807.28,572057.32
253800,572038.08
253793.22,572025
253784.28,572009.24
253779.26,572000
253775,571993.2
253766.1,571983.88
253758.46,571975
253750,571966.44
253738.86,571961.12
253732.76,571957.76
253721.2,571953.8
253700,571953.64
253686.6,571961.64
253675,571969.24
253670.12,571975
253659.74,571990.24
253653.28,572000
253650,572006.08
253641.68,572025
253629.46,572054.44
253625,572064.36
253620.48,572075
253613.7,572088.68
253604.54,572104.56
253593.96,572118.92
253588.84,572125
253582.04,572132.08
253575,572138.44
253569.04,572144
253561.84,572150
253540.18,572165.2
253509.76,572184.76
253500,572190.88
253487.4,572200
253475,572208.8
253466.32,572216.32
253450,572230.92
253441.02,572241
253429.6,572254.64
253425,572260.48
253419.2,572269.2
253409.62,572284.64
253400,572301.12
253392.22,572317.24
253384.32,572334.32
253375,572355.08
253345.56,572425
253334.54,572450
253323.5,572473.52
253315.12,572490.12
253310,572500
253306.46,572506.48
253300,572517.92
253295.78,572525
253287.68,572537.68
253279.5,572550
253275,572556.36
253266.9,572566.88
253255.64,572580.64
253250,572587.08
253243.68,572593.68
253231.04,572606.08
253225,572611.64
253217.76,572617.76
253200,572631.88
253189.4,572639.36
253173.6,572650
253159.18,572659.2
253150,572664.8
253089.98,572700
253049.26,572725
253000,572756.8
252933.92,572798.14
252919.9,572673.44
252871.78,572678.24
252850,572680.68
252843.38,572681.64
252832.86,572682.88
252825,572684.08
252811.6,572686.64
252800,572689
252791.48,572691.52
252775,572696.8
252767.44,572700
252750,572708.12
252739.38,572714.36
252729.36,572720.64
252722.6,572725
252709.3,572734.32
252700,572741.08
252688.12,572750
252675,572759.56
252651.24,572776.24
252635.46,572785.52
252619.46,572794.44
252608.9,572800
252600,572804.08
252575,572814.2
252552.72,572822.32
252544.6,572825
252525,572830.32
252508.96,572834
252500,572836.12
252475,572840.92
252467.04,572842
252456.44,572843.56
252444.8,572844.8
252429,572846
252421.22,572846.2
252404,572846
252395.36,572845.36
252375,572842.88
252350,572837.08
252325,572828.2
252317.94,572825
252306.46,572818.48
252300,572815.08
252290.9,572809.08
252276.02,572800
252260.64,572789.36
252250,572782.8
252229.1,572770.88
252214.76,572764.76
252200,572759.12
252192.9,572757.12
252179.54,572754.56
252172.1,572752.88
252150.9,572750.88
252125.58,572750.56
252101.66,572751.64
252078.5,572753.52
252071.16,572753.8
252055.46,572755.52
252043.84,572756.2
252032.34,572757.32
252016.78,572758.2
252008.9,572758.88
252000,572759.36
251975,572760.2
251950,572760.64
251939.54,572760.44
251889.4,572760.58
251887.5,572762.48
251887.5,572787.52
251862.5,572812.48
251837.5,572837.52
251812.5,572862.48
251787.5,572862.48
251762.5,572887.52
251737.5,572912.48
251712.5,572937.52
251687.5,572962.48
251687.5,573087.52
251687.5,573112.48
251687.5,573137.52
251687.5,573162.48
251662.5,573187.52
251637.5,573212.48
251612.5,573237.52
251599.6,573250.4
251549.98,573250
251500,573255.76
251493.18,573256.8
251483,573258
251475,573259.44
251461.62,573261.64
251440.66,573265.64
251432.14,573267.88
251420.4,573270.44
251404.6,573275
251397.64,573277.36
251382.6,573282.64
251375,573286.08
251365.26,573290.24
251347.7,573300
251334.64,573309.64
251325,573323.2
251317.24,573342.24
251314.95,573360.04
251312.5,573362.48
251287.5,573362.48
251262.5,573337.52
251237.5,573337.52
251212.5,573337.52
251187.5,573337.52
251162.5,573337.52
251137.5,573337.52
251112.5,573337.52
251087.5,573337.52
251062.5,573337.52
251037.5,573337.52
251012.5,573337.52
250987.5,573337.52
250962.5,573337.52
250961.57,573337.52
250897.9,573322.88
250882.58,573317.44
250862.1,573312.88
250850,573310.64
250840.9,573309.12
250833.12,573308.12
250819.04,573305.92
250800,573303.52
250730.1,573294.88
250718.7,573293.68
250707.64,573292.36
250600,573281.24
250502.92,573272.08
250496.32,573271.32
250480.26,573269.76
250468.28,573268.24
250457.76,573267.24
250425,573262.92
250413.68,573261.32
250400,573259.12
250392.02,573258
250381.02,573256
250370.6,573254.44
250350.76,573250.76
250329,573246
250318.5,573243.52
250308.6,573241.36
250300,573239.36
250275,573234.76
250250,573232.12
250225,573232.76
250200,573236.32
250189.26,573239.24
250175,573242.8
250151.42,573250
250130.72,573255.76
250100,573262.56
250089.46,573264.44
250075,573266.64
250067.54,573267.56
250056.62,573268.36
250050,573269.12
250019.8,573269.8
249993.96,573268.92
249981.96,573268.08
249975,573267.64
249950,573265.32
249925,573262.8
249891.16,573258.8
249882.76,573257.76
249854.24,573254.23
249837.5,573237.52
249812.5,573212.48
249760.42,573213.52
249737.5,573212.48
249732.9,573194.1
249710.54,573189.52
249606.76,573168.24
249585.76,573164.24
249550,573157.68
249469.4,573144.44
249457.46,573142.56
249436.14,573138.88
249412.5,573162.48
249387.5,573162.48
249362.5,573162.48
249337.5,573187.52
249312.5,573187.52
249287.5,573187.52
249262.5,573212.48
249237.5,573212.48
249212.5,573212.48
249187.5,573212.48
249162.5,573212.48
249137.5,573212.48
249112.5,573187.52
249087.5,573187.52
249062.5,573187.52
249037.5,573212.48
249012.5,573212.48
248987.5,573212.48
248962.5,573212.48
248937.5,573212.48
248912.5,573212.48
248887.5,573237.52
248862.5,573262.48
248837.5,573262.48
248812.5,573262.48
248787.5,573262.48
248762.5,573262.48
248737.5,573262.48
248712.5,573262.48
248687.5,573237.52
248662.5,573237.52
248637.5,573237.52
248612.5,573212.48
248587.5,573187.52
248562.5,573187.52
248537.5,573212.48
248512.5,573212.48
248487.5,573212.48
248462.5,573212.48
248437.5,573212.48
248412.5,573212.48
248387.5,573212.48
248362.5,573212.48
248337.5,573212.48
248236.72,573131.88
248150,573158.2
248125,573166.24
248110.17,573171.67
248085.85,573177.9
248056.22,573184.43
248034.14,573186.25
248012.64,573186.43
247985.33,573185.7
247955.7,573184.07
247921.9,573180.08
247879.29,573172.28
247831.41,573162.48
247812.5,573162.48
247787.5,573162.48
247762.5,573162.48
247737.5,573162.48
247712.5,573162.48
247687.5,573162.48
247662.5,573162.48
247637.5,573162.48
247612.5,573162.48
247587.5,573162.48
247562.5,573162.48
247537.5,573162.48
247512.5,573162.48
247487.5,573162.48
247462.5,573162.48
247437.5,573162.48
247412.5,573162.48
247387.5,573137.52
247362.5,573137.52
247337.5,573137.52
247312.5,573137.52
247287.5,573137.52
247262.5,573137.52
247237.5,573137.52
247212.5,573137.52
247187.5,573137.52
247162.5,573137.52
247137.5,573137.52
247112.5,573137.52
247087.5,573112.48
247062.5,573112.48
247037.5,573087.52
247012.5,573087.52
246987.5,573062.48
246962.5,573062.48
246937.5,573037.52
246912.5,573012.48
246887.5,573012.48
246862.5,573012.48
246837.5,572987.52
246812.5,572987.52
246809.3,572984.32
246803.06,572981.98
246779.04,572973.45
246755.81,572964.63
246720.1,572949.38
246657.15,572923.06
246600.6,572898.78
246552.34,572877.36
246532.58,572867.44
246525,572863.32
246516.12,572858.88
246500,572850.2
246483.32,572841.68
246475,572837.2
246466.82,572833.2
246450.78,572825
246446.75,572822.16
246439.06,572817.6
246431.52,572813.92
246425,572811.64
246416.46,572808.56
246400,572803.2
246368.36,572793.36
246348.83,572787.52
246337.5,572787.52
246312.5,572787.52
246301.93,572776.93
246267.44,572767.44
246259.5,572765.52
246250,572762.76
246240.2,572759.8
246232.24,572757.24
246225,572755
246202.54,572747.44
246184.32,572740.68
246175,572737
246166.52,572733.52
246119.45,572712.48
246112.5,572712.48
246087.5,572712.48
246062.5,572712.48
246037.5,572712.48
246012.5,572712.48
245987.5,572687.52
245966.21,572666.2
245918.46,572656.56
245869.8,572648.6
245840.14,572634.88
245830.22,572630.24
245823.04,572626.92
245806.64,572618.36
245790.8,572609.2
245776.2,572600
245760.46,572589.56
245687.69,572537.52
245534.04,572465.92
245517.6,572457.44
245503.6,572450
245454.4,572425
245425,572411.36
245417.12,572407.88
245400.22,572400
245382.24,572392.76
245375,572389.68
245364.42,572385.56
245357.8,572382.8
245350,572379.64
245338.2,572375
245328.62,572371.36
245316.68,572366.68
245310.58,572364.44
245300,572360.12
245292.68,572357.32
245257.54,572342.44
245240.42,572334.56
245207.06,572317.92
245200,572314.08
245190.86,572309.12
245175.5,572300
245159.86,572290.12
245150,572283.24
245138.52,572275
245130.8,572269.2
245125,572264.36
245117.06,572257.92
245108.38,572250
245091.5,572233.52
245072.53,572212.48
244978.63,572128.25
244907.78,572082.85
244829.48,572051.42
244736.26,572016.5
244676.6,572019.99
244538.64,572054.92
244389.49,572082.85
244184.41,572061.9
243930.86,572033.96
243766.79,572016.5
243602.73,571985.07
243487.14,571936.18
243466.28,571883.76
243456.46,571868.56
243450,571859.64
243446.1,571853.88
243435.4,571839.56
243401.26,571798.75
243349.17,571855.86
243289.51,571890.78
243242.79,571932.22
243206.48,571925
243197.98,571923
243175,571918.08
243166.32,571916.32
243159.68,571915.32
243150,571913.2
243125,571910.8
243100,571911.56
243075,571915.56
243067.64,571917.64
243046.68,571925
243032.16,571932.12
243025,571936.2
243016.74,571941.76
243005.68,571950
243000,571954.76
242989.82,571964.8
242980.32,571975
242975,571981
242966.44,571991.44
242959.76,572000
242916.64,572054.92
242931.56,572058.41
242998.67,572072.38
243065.79,572089.84
243162.74,572124.76
243241.04,572180.64
243401.38,572253.98
243498.44,572312.48
243658.19,572380.88
243780.9,572461.75
244012.69,572606.48
244135.4,572640.53
244262.65,572717.15
244430.81,572857.62
244535.34,572964.03
244530.8,573006.6
244557.28,573078.15
244646.77,573067.68
244829.48,573120.06
245101.68,573193.4
245325.4,573294.67
245437.87,573350.97
245416.72,573391.76
245412.08,573400
245408.52,573408.48
245400,573425.92
245391.82,573441.8
245387.02,573450
245382.84,573457.8
245371.86,573475
245362.96,573487.92
245350,573504.8
245340.96,573515.92
245329.3,573529.32
245325,573534
245317.5,573542.48
245310.24,573550
245305.54,573555.56
245300,573561.56
245293.8,573568.8
245288.16,573575
245282.32,573582.32
245275,573590.92
245267.68,573600
245260.28,573610.32
245247.7,573627.32
245225,573662.92
245217.76,573675
245211.3,573686.32
245207.48,573692.48
245200,573705.08
245192.76,573717.76
245188.28,573725
245183.4,573733.36
245169.22,573755.76
245164.08,573764.08
245154.04,573779.08
245150,573784.76
245143.76,573793.76
245139.1,573800
245133.24,573808.24
245125,573818.88
245111.16,573836.12
245099.1,573850
245087.62,573862.64
245075,573875.44
245062.2,573887.2
245046.58,573900
245034.06,573909.08
245025,573915.08
245018.68,573918.68
245002.26,573927.24
244994.54,573930.44
244984.48,573934.48
244975,573937.92
244965.5,573940.48
244957.52,573942.48
244945.26,573945.24
244923.6,573948.64
244899.24,573950.76
244873.5,573951.52
244848.78,573951.24
244799.38,573949.36
244773.78,573948.76
244748.76,573948.76
244719.32,573950
244698.4,573951.56
244650,573956.68
244633.26,573958.24
244625,573959
244600,573960.32
244575,573960.44
244550,573958.92
244531.28,573956.32
244520.6,573954.36
244499.04,573949.08
244482.42,573942.56
244475,573939.36
244465.72,573934.24
244450,573924.68
244437.2,573912.8
244424.64,573899.64
244415.04,573884.92
244409.22,573875
244406.18,573868.8
244400,573854.64
244397.04,573847
244392,573833
244384.14,573809.12
244379.46,573795.52
244375,573783.44
244371.36,573775
244363.82,573761.2
244354.28,573745.76
244350,573740.24
244341.76,573733.24
244327.24,573722.76
244320.72,573720.68
244307.26,573717.76
244300,573716.48
244293.1,573718.12
244275,573721.44
244267.9,573725
244256.32,573731.32
244250,573734.24
244241.34,573741.32
244225,573753.36
244214.32,573764.32
244200,573777.24
244189.44,573789.44
244175,573804.08
244165.48,573815.52
244156.6,573825
244150,573831.8
244141.82,573841.8
244130.06,573855.08
244125,573860.24
244118.34,573868.32
244106.54,573881.56
244100,573888.32
244094.68,573894.68
244082.88,573907.88
244075,573916.12
244066.9,573925
244058.68,573933.68
244042.38,573950
244033.58,573958.56
244020.5,573970.48
244007,573982
244000,573987.68
243992.92,573992.92
243975,574005.76
243961.16,574013.88
243946.64,574021.64
243938.04,574025
243925,574030.48
243917.9,574032.12
243908.98,574034
243900,574036.08
243875,574034.92
243867.18,574032.8
243850,574027.64
243831.82,574018.2
243825,574014.48
243816.34,574008.68
243789.24,573989.24
243758.96,573966.08
243750,573958.8
243730.42,573944.56
243725,573940.32
243715.74,573934.24
243702.94,573925
243694.68,573919.68
243685.46,573914.56
243675,573907.68
243660.26,573900
243653.8,573896.2
243638.22,573888.2
243625,573881.12
243611.82,573875
243604.24,573870.76
243588.88,573861.12
243579.1,573854.12
243573.08,573850
243560.94,573839.08
243558.14,573836.89
243531.88,573867.41
243513.24,573972.18
243502.9,574022.1
243504.66,574045.32
243505.56,574055.56
243508.04,574091.92
243508.34,574097.2
243503.34,574230.55
243487.76,574275.86
243450.94,574347.51
243436.32,574376.61
243423.84,574417.5
243418.75,574445.98
243424.85,574591.98
243422.46,574713.2
243419.4,574725
243413.68,574738.68
243405.22,574755.2
243400,574762.44
243394.32,574769.32
243388.84,574775
243381.38,574781.36
243375,574786
243366.42,574791.44
243349.7,574800.32
243331.76,574806.76
243312.28,574812.68
243300,574816.24
243272.32,574825
243250,574833.08
243225,574845.08
243217.84,574850
243207.14,574857.12
243200,574861.68
243193.18,574868.2
243185.46,574875
243148.73,574898.74
243137.5,574887.52
243112.5,574887.52
243087.5,574887.52
243062.5,574887.52
243037.5,574887.52
243012.5,574887.52
242987.5,574887.52
242962.5,574862.48
242937.5,574862.48
242912.5,574837.52
242887.5,574837.52
242862.5,574837.52
242844.29,574855.7
242810.88,574864.12
242787.5,574871.51
242787.5,574887.52
242762.5,574912.48
242762.5,574937.52
242762.5,574962.48
242737.5,574987.52
242737.5,575012.48
242737.5,575037.52
242737.5,575062.48
242712.5,575087.52
242712.5,575112.48
242712.5,575137.52
242712.5,575162.48
242687.5,575187.52
242687.5,575212.48
242687.5,575237.52
242687.5,575262.48
242687.5,575287.52
242687.5,575312.48
242687.5,575337.52
242687.5,575362.48
242687.5,575387.52
242687.5,575412.48
242687.5,575437.52
242687.5,575462.48
242662.5,575487.52
242662.5,575512.48
242662.5,575537.52
242662.5,575562.48
242637.5,575587.52
242637.5,575612.48
242612.5,575637.52
242612.5,575662.48
242587.5,575687.52
242587.5,575712.48
242587.5,575737.52
242562.5,575762.48
242562.5,575787.52
242537.5,575812.48
242537.5,575837.52
242512.5,575862.48
242512.5,575887.52
242487.5,575912.48
242487.5,575937.52
242462.5,575962.48
242462.5,575987.52
242437.5,576012.48
242412.5,576037.52
242412.5,576062.48
242387.5,576087.52
242362.5,576112.48
242337.5,576137.52
242337.5,576162.48
242337.5,576187.52
242337.5,576212.48
242312.5,576237.52
242312.5,576262.48
242287.5,576287.52
242287.5,576312.48
242262.5,576337.52
242237.5,576362.48
242237.5,576387.52
242212.5,576412.48
242212.5,576437.52
242212.5,576462.48
242187.5,576487.52
242187.5,576512.48
242162.5,576537.52
242162.5,576562.48
242137.5,576587.52
242112.5,576612.48
242087.5,576637.52
242087.5,576662.48
242062.5,576687.52
242062.5,576712.48
242062.5,576737.52
242062.5,576762.48
242062.5,576777.98
242058.61,576786.21
242055.11,576795.86
242053.54,576803.56
242052.12,576827.12
242049.72,576850.32
242050,576875
242051.88,576900
242053.58,576927.96
242141.5,576955.88
242270.62,577005.34
242275,577027.12
242282.4,577050
242290.9,577065.92
242296.08,577075
242300,577081.68
242306.54,577093.44
242311.1,577100
242316.34,577108.68
242340.24,577140.24
242350,577151.76
242360.18,577164.8
242369.78,577175
242387.5,577199.44
242387.5,577212.48
242387.5,577237.52
242387.5,577262.48
242387.5,577287.52
242387.5,577312.48
242387.5,577337.52
242387.5,577340.47
242364.1,577364.08
242350,577376.56
242337.1,577387.08
242325,577396.08
242318.82,577400
242307.44,577407.44
242300,577411.2
242290.1,577415.12
242270.6,577420.64
242248.36,577423.36
242221.62,577421.64
242206.56,577418.44
242200,577417.2
242175,577407.08
242154.68,577395.32
242139.96,577385.08
242127.12,577375
242112.64,577362.36
242100,577350.64
242086.94,577338.08
242075,577326.08
242061.82,577313.2
242050,577301.08
242036.36,577288.64
242025,577277.8
242010.1,577264.92
242000,577255.64
241982.96,577242.08
241975,577235.12
241969.32,577230.68
241963.1,577225
241956.12,577218.88
241943.52,577206.48
241937.88,577200
241931.46,577193.52
241912.5,577173.33
241912.5,577187.52
241887.5,577212.48
241862.5,577237.52
241862.5,577262.48
241837.5,577287.52
241812.5,577312.48
241812.5,577337.52
241812.5,577362.48
241787.5,577387.52
241787.5,577412.48
241787.5,577437.52
241779.71,577445.3
241790.48,577459.52
241801.54,577476.56
241809.98,577490
241815.24,577500
241818.82,577506.2
241826.9,577523.12
241829.92,577529.92
241834.9,577540.12
241838.96,577550
241842.46,577557.56
241850,577576.2
241857.28,577592.76
241860.1,577600
241864.62,577610.36
241867.36,577617.36
241881.12,577650
241886.9,577663.08
241894.36,577680.64
241903.84,577703.8
241909.04,577715.92
241915.9,577734.12
241921.22,577750
241925,577762.76
241927.73,577772.27
241912.5,577787.52
241887.5,577787.52
241862.5,577812.48
241837.5,577837.52
241812.5,577862.48
241787.5,577887.52
241787.5,577912.48
241787.5,577937.52
241762.5,577962.48
241762.5,577987.52
241737.5,578012.48
241737.5,578037.52
241712.5,578062.48
241712.5,578087.52
241712.5,578112.48
241712.5,578137.52
241687.5,578162.48
241687.5,578187.52
241687.5,578212.48
241662.5,578237.52
241637.5,578262.48
241637.5,578287.52
241612.5,578312.48
241612.5,578337.52
241612.5,578362.48
241587.5,578387.52
241587.5,578412.48
241562.5,578437.52
241562.5,578462.48
241562.5,578487.52
241562.5,578512.48
241537.5,578537.52
241537.5,578562.48
241537.5,578587.52
241512.5,578612.48
241512.5,578637.52
241512.5,578662.48
241512.5,578687.52
241487.5,578712.48
241487.5,578737.52
241462.5,578762.48
241462.5,578787.52
241437.5,578812.48
241412.5,578837.52
241412.5,578862.48
241387.5,578887.52
241362.5,578912.48
241362.5,578937.52
241337.5,578962.48
241312.5,578987.52
241312.5,579012.48
241287.5,579037.52
241262.5,579062.48
241262.5,579087.52
241237.5,579112.48
241237.5,579137.52
241212.5,579162.48
241212.5,579187.52
241212.5,579212.48
241187.5,579237.52
241187.5,579262.48
241187.5,579287.52
241187.5,579312.48
241187.5,579337.52
241187.5,579362.48
241187.5,579387.52
241187.5,579412.48
241187.5,579437.52
241187.5,579462.48
241187.5,579487.52
241187.5,579512.48
241187.5,579537.52
241187.5,579562.48
241187.5,579587.52
241187.5,579612.48
241187.5,579637.52
241187.5,579662.48
241187.5,579687.52
241187.5,579712.48
241187.5,579737.52
241187.5,579762.48
241187.5,579787.52
241187.5,579812.48
241212.5,579837.52
241212.5,579862.48
241212.5,579887.52
241237.5,579912.48
241237.5,579937.52
241262.5,579962.48
241262.5,579987.52
241262.5,580012.48
241287.5,580037.52
241287.5,580062.48
241287.5,580087.52
241312.5,580112.48
241312.5,580137.52
241337.5,580162.48
241337.5,580187.52
241337.5,580212.48
241337.5,580237.52
241337.5,580262.48
241337.5,580287.52
241337.5,580312.48
241337.5,580337.52
241337.5,580362.48
241337.5,580387.52
241337.5,580412.48
241337.5,580437.52
241337.5,580462.48
241337.5,580487.52
241337.5,580512.48
241337.5,580537.52
241337.5,580562.48
241337.5,580587.52
241337.5,580612.48
241337.5,580637.52
241337.5,580662.48
241337.5,580687.52
241337.5,580712.48
241362.5,580737.52
241362.5,580743.62
241269.28,580739.24
241153.74,580646.08
240974.82,580564
240756.1,580525.78
240750,580529.8
240725,580545.44
240716.94,580550
240700,580559.36
240689.38,580564.36
240682.54,580567.44
240672.04,580572.08
240650,580580
240634.06,580584.08
240625,580586.24
240600,580590.76
240591.9,580591.88
240569.78,580594.76
240550,580597.08
240512.5,580601.76
240512.5,580587.52
240512.5,580562.48
240512.5,580537.52
240512.5,580512.48
240487.5,580487.52
240487.5,580462.48
240487.5,580437.52
240462.5,580412.48
240462.5,580387.52
240462.5,580362.48
240437.5,580337.52
240437.5,580312.48
240437.5,580287.52
240437.5,580262.48
240437.5,580237.52
240437.5,580212.48
240437.5,580187.52
240412.5,580162.48
240412.5,580137.52
240412.5,580112.48
240412.5,580087.52
240412.5,580062.48
240412.5,580037.52
240412.5,580012.48
240412.5,579987.52
240412.5,579962.48
240412.5,579937.52
240387.5,579912.48
240387.5,579887.52
240387.5,579862.48
240362.5,579837.52
240362.5,579825.44
240275,579813.64
240250,579810.56
240225,579808.24
240217.24,579807.76
240206.82,579806.8
240193.82,579806.2
240180.28,579805.24
240170,579805
240150,579803.88
240127.24,579802.24
240107.76,579800
240100.9,579799.12
240080.66,579794.36
240063.04,579787
240050,579779.64
240044.76,579775
240034.46,579765.56
240025,579754.64
240016.16,579741.2
240006.6,579725
240000,579712.92
239995.9,579704.12
239990,579690
239981.3,579668.68
239967.62,579630.08
239917.74,579602.02
239917.54,579592.48
239925,579570.24
239932.36,579550
239934,579541
239934.34,579534.36
239936.7,579525
239939.1,579514.12
239941.76,579508.24
239944.42,579500
239950,579491.44
239957.62,579482.64
239968.36,579475
239975,579471.24
239990.02,579465
240000,579462.08
240009.9,579459.92
240025,579457.52
240031.6,579456.64
240044.3,579455.68
240054.72,579454.68
240070.74,579454.24
240078.92,579453.92
240103.8,579453.8
240129.1,579454.08
240154.86,579454.88
240237.5,579458.93
240237.5,579437.52
240237.5,579412.48
240237.5,579387.52
240237.5,579362.48
240237.5,579337.52
240237.5,579312.48
240237.5,579287.52
240237.5,579262.48
240237.5,579237.52
240237.5,579212.48
240237.5,579187.52
240237.5,579162.48
240237.5,579137.52
240237.5,579112.48
240237.5,579087.52
240237.5,579062.48
240237.5,579037.52
240237.5,579012.48
240237.5,578987.52
240237.5,578962.48
240237.5,578937.52
240237.5,578912.48
240237.5,578887.52
240237.5,578862.48
240237.5,578837.52
240237.5,578812.48
240262.5,578787.52
240262.5,578762.48
240262.5,578737.52
240287.5,578712.48
240287.5,578687.52
240287.5,578662.48
240287.5,578637.52
240287.5,578612.48
240287.5,578587.52
240312.5,578562.48
240312.5,578537.52
240337.5,578512.48
240337.5,578487.52
240362.5,578462.48
240362.5,578437.52
240387.5,578412.48
240387.5,578387.52
240387.5,578362.48
240387.5,578337.52
240387.5,578312.48
240387.5,578287.52
240387.5,578262.48
240387.5,578237.52
240387.5,578212.48
240387.5,578187.52
240412.5,578162.48
240412.5,578137.52
240437.5,578112.48
240437.5,578087.52
240462.5,578062.48
240487.5,578037.52
240487.5,578012.48
240512.5,577987.52
240537.5,577962.48
240537.5,577937.52
240537.5,577912.48
240562.5,577887.52
240562.5,577862.48
240562.5,577837.52
240587.5,577812.48
240587.5,577787.52
240587.5,577762.48
240587.5,577737.52
240587.5,577712.48
240587.5,577687.52
240612.5,577662.48
240612.5,577637.52
240612.5,577612.48
240612.5,577587.52
240637.5,577562.48
240637.5,577537.52
240637.5,577512.48
240637.5,577487.52
240637.5,577462.48
240637.5,577437.52
240662.5,577412.48
240662.5,577387.52
240662.5,577362.48
240687.5,577337.52
240687.5,577312.48
240712.5,577287.52
240712.5,577262.48
240712.5,577237.52
240712.5,577212.48
240712.5,577187.52
240712.5,577162.48
240712.5,577137.52
240712.5,577112.48
240712.5,577087.52
240712.5,577062.48
240712.5,577037.52
240712.5,577012.48
240712.5,576987.52
240712.5,576962.48
240712.5,576937.52
240712.5,576912.48
240712.5,576887.52
240712.5,576862.48
240712.5,576860.12
240700,576862.8
240690.1,576865.12
240682.68,576867.32
240670.4,576870.44
240651.62,576876.64
240645.58,576879.44
240633.72,576883.76
240625,576888.76
240617.98,576893
240610.24,576900
240605.9,576905.92
240600,576920.12
240598.5,576926.48
240596.46,576946.44
240596.9,576953.12
240597.96,576977.08
240600,577000.2
240602.96,577027.92
240605.18,577044.8
240605.98,577056
240607.5,577067.52
240608.06,577075
240608.82,577083.8
240609.66,577090.36
240610.4,577100
240611.6,577113.36
240614.4,577150
240616.54,577183.44
240616.9,577191.88
240617.38,577200
240617.72,577207.24
240618.1,577218.12
240618.42,577225
240618.62,577231.36
240619.26,577255.76
240619.56,577280.44
240619.5,577319.52
240619.16,577344.2
240618.54,577368.56
240618.32,577375
240617.96,577382.08
240617.6,577392.56
240616.72,577408.24
240616.54,577416.56
240615.16,577440.12
240614.24,577450
240611.3,577463.68
240608.74,577475
240606.68,577481.68
240599.56,577500.44
240591.3,577516.32
240585.96,577525
240581.4,577531.36
240570.12,577545.12
240565.46,577550
240557.52,577557.52
240543.84,577568.8
240535.24,577575
240525,577581.64
240511.56,577588.44
240495.4,577595.36
240479.72,577600
240473.42,577601.56
240454.82,577604.8
240444.28,577605.68
240431.32,577606.32
240418.82,577606.2
240405.44,577605.44
240395.56,577604.44
240370.32,577600
240350,577595.08
240342.68,577592.68
240334.76,577590.24
240325,577586.88
240316.44,577583.56
240298.88,577575.92
240194.57,577513.16
240137.21,577476.78
240091.13,577455.7
240065.29,577447.64
240026.83,577442.65
239993.61,577448.68
239961.65,577456.62
239907.88,577469.75
239868.23,577470.76
239833.78,577466.82
239702.56,577441
239700,577440.56
239690.84,577440.88
239683.74,577441.24
239675,577441.56
239668.76,577443.76
239650,577451
239634.18,577465.8
239624.38,577475.64
239609.18,577500
239600,577515.8
239585.46,577550
239582.18,577557.2
239566.66,577591.64
239562.84,577600
239558.4,577608.36
239548.82,577626.2
239540.6,577640.64
239535.06,577650
239531.08,577656.08
239525,577665.08
239518,577675
239510.26,577685.24
239498.62,577700
239487.2,577712.2
239474.76,577725
239461.26,577736.24
239446.96,577746.92
239441.08,577750
239430.82,577755.8
239425,577759
239400,577766.12
239375,577766.24
239350,577760.76
239325.12,577750.12
239300,577737.08
239280.28,577725
239267.96,577717.92
239250,577707.44
239237.08,577700
239229.1,577695.92
239213.28,577688.24
239200,577682.08
239182.4,577675
239175,577672.36
239157.92,577667.08
239150,577664.8
239138.04,577661.92
239125,577659
239117.54,577657.52
239105.38,577655.36
239096.28,577653.68
239069.54,577650
239029.62,577645.36
239019.36,577644.36
239007.14,577642.88
239000,577642.12
238991.1,577641.12
238984.76,577640.24
238975,577639.12
238950,577636
238940.36,577634.64
238933.84,577633.8
238925,577632.64
238918.34,577631.64
238904.9,577629.88
238896.34,577628.64
238830.18,577619.8
238800,577616.08
238677.04,577602.08
238651.4,577598.64
238629.76,577595.24
238608.48,577591.52
238600,577589.92
238575,577584.64
238567.24,577582.76
238547.24,577577.76
238527.74,577572.24
238508.54,577566.48
238500,577563.8
238489.6,577560.36
238475,577555.44
238415.62,577534.36
238389.9,577525
238341.68,577508.32
238312.5,577498.38
238312.5,577512.48
238312.5,577537.52
238312.5,577562.48
238312.5,577587.52
238312.5,577612.48
238312.5,577637.52
238312.5,577662.48
238312.5,577687.52
238312.5,577712.48
238312.5,577737.52
238312.5,577762.48
238312.5,577787.52
238312.5,577812.48
238312.5,577837.52
238337.5,577862.48
238337.5,577887.52
238362.5,577912.48
238362.5,577937.52
238362.5,577962.48
238362.5,577987.52
238362.5,578012.48
238362.5,578037.52
238362.5,578062.48
238362.5,578087.52
238362.5,578112.48
238362.5,578137.52
238362.5,578162.48
238362.5,578187.52
238362.5,578212.48
238362.5,578237.52
238362.5,578262.48
238362.5,578287.52
238362.5,578312.48
238362.5,578337.52
238362.5,578362.48
238362.5,578387.52
238337.5,578412.48
238337.5,578437.52
238330.12,578444.89
238350,578454.36
238391.5,578475
238400,578479.44
238413.9,578486.12
238442.24,578500
238450,578504.12
238464.04,578511
238492.3,578525
238500,578528.92
238514.2,578535.8
238525,578541.12
238531.02,578544
238543.34,578550
238564.32,578560.68
238580.66,578569.36
238590.82,578575
238600,578580.44
238615.54,578590.56
238629.22,578600
238640.7,578609.32
238650,578617.44
238657.72,578625
238665.86,578634.12
238678.4,578650
238686.68,578663.32
238695.46,578679.56
238702.76,578697.24
238708.64,578716.36
238710.88,578725
238715.18,578750
238716,578759
238716.44,578766.44
238717.18,578775
238717.24,578782.76
238717.12,578792.12
238717.18,578800
238716.6,578808.36
238716,578816
238715.38,578825
238711.9,578850
238709.84,578859.88
238708.3,578866.68
238705.14,578880.12
238698.46,578901.56
238692.5,578917.52
238689.2,578925
238684.44,578934.44
238674.5,578950.48
238663.92,578963.92
238650,578977.52
238636.96,578986.92
238621.24,578996.24
238612.92,579000
238600,579005.24
238592.46,579007.52
238585.06,579010.08
238575,579012.8
238565.3,579015.32
238558.26,579016.76
238544.8,579019.8
238523.72,579023.76
238475,579032.36
238450,579037.2
238398.26,579048.24
238371.36,579053.64
238350,579057.8
238337.5,579060.2
238337.5,579062.48
238337.5,579087.52
238312.5,579112.48
238312.5,579137.52
238312.5,579162.48
238287.5,579187.52
238287.5,579212.48
238287.5,579237.52
238287.5,579262.48
238262.5,579287.52
238262.5,579312.48
238262.5,579337.52
238237.5,579362.48
238212.5,579387.52
238187.5,579412.48
238187.5,579437.52
238162.5,579462.48
238162.5,579487.52
238137.5,579512.48
238137.5,579537.52
238112.5,579562.48
238112.5,579587.52
238112.5,579612.48
238087.5,579637.52
238087.5,579662.48
238087.5,579687.52
238062.5,579712.48
238062.5,579737.52
238037.5,579762.48
238037.5,579787.52
238037.5,579812.48
238012.5,579837.52
237987.5,579862.48
237987.5,579887.52
237962.5,579912.48
237937.5,579937.52
237912.5,579962.48
237887.5,579987.52
237887.5,579996.63
237806.48,580038.44
237612.66,580086.92
237537.42,580091.84
237525,580103.56
237514.06,580114.08
237500,580128
237489.12,580139.12
237462.5,580167.4
237462.5,580187.52
237462.5,580212.48
237462.5,580237.52
237462.5,580262.48
237462.5,580287.52
237487.5,580312.48
237500.81,580325.81
237496.5,580378.48
237495.32,580395.32
237494.9,580405.12
237494.58,580419.56
237494.46,580430.48
237494.64,580455.36
237495.18,580479.8
237496.02,580504
237498.32,580551.68
237499.18,580575.8
237499.78,580600.24
237499.96,580625.08
237499.54,580700
237499.36,580725.65
237487.5,580737.52
237487.5,580762.48
237487.5,580787.52
237462.5,580812.48
237462.5,580837.52
237462.5,580862.48
237462.5,580887.52
237462.5,580912.48
237462.5,580937.52
237462.5,580962.48
237462.5,580987.52
237462.5,581012.48
237462.5,581037.52
237462.5,581062.48
237462.5,581087.52
237462.5,581112.48
237437.5,581137.52
237437.5,581162.48
237412.5,581187.52
237412.5,581212.48
237387.5,581237.52
237362.5,581262.48
237337.5,581287.52
237312.5,581312.48
237287.5,581312.48
237262.5,581337.52
237237.5,581362.48
237212.5,581387.52
237212.5,581412.48
237187.5,581437.52
237187.5,581462.48
237162.5,581487.52
237162.5,581512.48
237162.5,581537.52
237137.5,581562.48
237112.5,581587.52
237112.5,581612.48
237087.5,581637.52
237062.5,581662.48
237037.5,581687.52
237037.5,581712.48
237012.5,581737.52
236987.5,581762.48
236962.5,581787.52
236937.5,581812.48
236912.5,581837.52
236887.5,581862.48
236887.5,581887.52
236862.5,581912.48
236837.5,581937.52
236805.71,581937.52
236711.98,581837.82
236675,581865.44
236655.5,581880.48
236650,581884.8
236631.18,581900
236612.29,581915.57
236564.33,581874.57
236556.68,581881.68
236550,581887.52
236543.46,581893.44
236535.28,581900
236525,581908.48
236500,581928.44
236488.26,581938.24
236474.78,581950
236462.54,581962.48
236450,581976.12
236439.64,581989.64
236429.32,582004.32
236425,582011.24
236416.76,582025
236403.68,582050
236391.74,582075
236378.62,582103.64
236375,582111.32
236362.14,582137.88
236354.02,582154
236350,582161.64
236333.9,582191.08
236328.84,582200
236318.62,582218.64
236314.82,582225
236309.64,582234.64
236300,582251.44
236292.04,582267
236287.62,582275
236283.48,582283.52
236274.6,582300.44
236267.02,582317
236263.1,582325
236259.1,582334.12
236253.04,582346.92
236250,582353.88
236243.94,582368.92
236241.32,582375
236225,582416
236219.52,582430.48
236215.76,582440.76
236212.18,582450
236208.86,582458.88
236192.7,582500
236191.12,582503.88
236141.96,582615.51
236088.23,582751.77
236078.68,582784.51
236062.78,582815.65
236042.46,582844.98
235959.34,582942.69
235867.32,583040.12
235866.2,583041.2
235856.6,583050
235839.46,583064.48
235822.42,583077.56
235810.82,583085.8
235795.82,583095.8
235789.18,583100
235775,583108.24
235764.32,583114.32
235744.62,583125
235682.04,583157.08
235665.7,583165.68
235650,583174.24
235633.92,583183.92
235612.5,583197.75
235612.5,583212.48
235612.5,583237.52
235612.5,583262.48
235612.5,583287.52
235612.5,583312.48
235587.5,583337.52
235587.5,583352.68
235592.76,583382.24
235594.58,583394.56
235605.08,583455.08
235607.36,583467.64
235612.9,583500
235616.82,583525
235617.76,583532.24
235619.44,583544.44
235620.54,583554.48
235622.66,583577.36
235623.88,583601.12
235623.54,583626.48
235622.14,583647.12
235618.32,583675
235616.54,583683.44
235615.26,583690.24
235613.1,583700
235610.3,583710.32
235604.54,583729.56
235598.06,583748.08
235590.98,583766
235583.54,583783.52
235568.08,583818.08
235564.84,583825
235556.88,583843.12
235552.76,583852.76
235544.02,583875
235535.32,583900
235527.06,583927.08
235521.76,583946.76
235516.96,583967
235515.18,583975
235510.24,584000
235508.66,584008.64
235507.2,584017.8
235505.06,584030.08
235501.62,584051.64
235496.84,584078.12
235495.94,584082.76
235483.51,584149.04
235465.07,584200.71
235438.48,584260.03
235408.85,584311.08
235395,584328.71
235355.53,584384.34
235338.32,584415.75
235316.42,584463.14
235290.07,584534.53
235250,584662.44
235247.36,584672.36
235242.66,584692.68
235241.1,584700
235237.5,584721.24
235237.5,584737.52
235237.5,584762.48
235237.5,584787.52
235237.5,584812.48
235262.5,584837.52
235262.5,584862.48
235262.5,584887.52
235262.5,584912.48
235287.5,584937.52
235287.5,584962.48
235287.5,584987.52
235287.5,584999.76
235316.81,584992.3
235321,585000
235334.96,585025
235350,585052.36
235357.64,585067.36
235361.36,585075
235365.52,585084.48
235372.76,585102.24
235380.46,585125
235382.36,585132.36
235384.54,585140.44
235386.9,585150
235391.18,585175
235391.98,585183
235392.82,585192.8
235393.5,585200
235393.82,585225
235393.46,585231.56
235392.72,585242.76
235392.32,585250
235390.32,585265.32
235389.1,585275
235384.4,585300
235379.36,585320.64
235377.54,585327.56
235371.9,585346.88
235369.04,585355.92
235362.7,585375
235353.24,585400
235350,585407.56
235344.76,585419.76
235336.82,585436.8
235330.44,585450
235312.5,585483.37
235312.5,585487.52
235312.5,585512.48
235312.5,585537.52
235312.5,585562.48
235312.5,585587.52
235312.5,585612.48
235287.5,585637.52
235287.5,585662.48
235287.5,585687.52
235262.5,585712.48
235262.5,585737.52
235237.5,585762.48
235237.5,585787.52
235237.5,585812.48
235237.5,585837.52
235212.5,585862.48
235212.5,585887.52
235187.5,585912.48
235187.5,585937.52
235162.5,585962.48
235162.5,585987.52
235137.5,586012.48
235137.5,586037.52
235112.5,586062.48
235112.5,586087.52
235112.5,586112.48
235087.5,586137.52
235087.5,586162.48
235087.5,586187.52
235062.5,586212.48
235062.5,586237.52
235037.5,586262.48
235037.5,586287.52
235012.5,586312.48
234987.5,586337.52
234987.5,586362.48
234962.5,586387.52
234962.5,586412.48
234962.5,586437.52
234962.5,586462.48
234962.36,586483.24
234920.73,586524.89
234936.28,586516.8
235012.5,586512.48
235037.5,586537.52
235062.5,586537.52
235087.5,586537.52
235112.5,586537.52
235137.5,586562.48
235162.5,586562.48
235187.5,586562.48
235212.5,586587.52
235237.5,586587.52
235262.5,586612.48
235287.5,586637.52
235312.5,586662.48
235337.5,586662.48
235362.5,586687.52
235387.5,586687.52
235412.5,586687.52
235413.95,586688.97
235437.5,586712.48
235448.03,586712.48
235420.56,586744.55
235407.42,586757.75
235393.38,586771.31
235380.17,586783
235368.47,586793.02
235362.47,586797.79
235351.09,586806.67
235342.1,586813.32
235335.78,586817.86
235326.84,586824
235315.84,586831.39
235304.33,586838.66
235285.85,586849.9
235272.22,586857.92
235264.49,586862.26
235231.66,586881.67
235212.5,586862.48
235187.5,586862.48
235174.57,586849.57
235136.84,586866.22
235110.92,586877.8
235088,586888.76
235062.67,586901.88
235039.84,586914.88
235033.8,586918.58
235015.41,586929.66
234991.06,586945.27
234985.49,586949.05
234966.88,586961.99
234951.24,586973.31
234943.25,586979.56
234919.12,586999.41
234895.14,587021.32
234870.77,587045.57
234846.2,587070.92
234821.45,587097.77
234775.62,587148.89
234762.5,587163.22
234762.5,587187.52
234762.5,587212.48
234762.5,587237.52
234762.5,587262.48
234762.5,587287.52
234762.5,587312.48
234762.5,587337.52
234737.5,587362.48
234737.5,587387.52
234737.5,587412.48
234712.5,587437.52
234712.5,587462.48
234712.5,587487.52
234687.5,587512.48
234687.5,587537.52
234687.5,587562.48
234662.5,587587.52
234662.5,587612.48
234637.5,587637.52
234637.5,587662.48
234637.5,587687.52
234612.5,587712.48
234579.61,587763.75
234568.93,588282.13
234560.34,588792.58
234506.7,588874.97
234465.93,588995.55
234516.8,589082.28
234554.44,589172.54
234578.21,589273.85
234589.06,589399.69
234590.65,589559.34
234557.06,589592.95
234539.96,589648.05
234501.6,589722.91
234434.35,589815.33
234369.42,589893.17
234272.52,589997.25
234187.5,590077.22
234166.87,590118.63
234162.5,590237.6
234162.5,590262.48
234162.5,590287.52
234137.5,590312.48
234112.5,590337.52
234087.5,590362.48
234062.5,590387.52
234037.5,590412.48
234012.5,590437.52
233987.5,590437.52
233962.5,590462.48
233937.5,590487.52
233912.5,590487.52
233887.5,590512.48
233862.5,590537.52
233837.5,590537.52
233812.5,590562.48
233787.5,590587.52
233787.5,590712.48
233812.5,590737.52
233812.5,590762.48
233812.5,590862.48
233787.5,590887.52
233762.5,590887.52
233637.5,590937.52
233637.5,590962.48
233612.5,590987.52
233612.5,591012.48
233612.5,591037.52
233612.5,591062.48
233612.5,591087.52
233612.5,591112.48
233612.5,591137.52
233587.5,591162.48
233587.5,591187.52
233587.5,591212.48
233587.5,591237.52
233562.5,591262.48
233562.5,591287.52
233562.5,591312.48
233537.5,591337.52
233537.5,591362.48
233537.5,591387.52
233537.5,591412.48
233512.5,591437.52
233512.5,591462.48
233487.5,591487.52
233487.5,591512.48
233487.5,591537.52
233487.5,591562.48
233487.5,591587.52
233462.5,591612.48
233462.5,591637.52
233462.5,591662.48
233437.5,591687.52
233412.5,591712.48
233387.5,591737.52
233387.5,591762.48
233387.5,591787.52
233362.5,591812.48
233362.5,591837.52
233362.5,591862.48
233362.5,591887.52
233362.5,591907.74
233367.24,591902.56
233377.56,591892.15
233388.02,591882.85
233397.22,591875.37
233404.55,591869.92
233414.16,591862.94
233425.2,591855.49
233436.42,591848.34
233444.77,591842.73
233456.38,591835.56
233471.35,591827.9
233481.89,591821.97
233505.16,591814.61
233523.99,591810.83
233555.97,591807.8
233570.31,591813.08
233581.92,591816.57
233599.68,591824.66
233613.06,591836.24
233621.47,591845.53
233630.11,591856.15
233643.05,591878.02
233646.96,591888.17
233651.66,591899.57
233658.86,591920.24
233661.8,591930.02
233664.87,591939.32
233668.29,591950.22
233678.91,591986.69
233688.09,592014.94
233694.11,592031.46
233696.74,592037.68
233700.8,592047.82
233707.51,592062.29
233715.1,592075.99
233717.93,592080.02
233722.43,592086.66
233729.68,592095.45
233730.06,592095.87
233740.52,592103.1
233745.27,592105.8
233747.87,592106.58
233762.33,592110.68
233781.58,592113.07
233800.9,592113.07
233825.36,592112.27
233846.4,592109.45
233890.04,592098.26
233911.1,592091.16
233920.07,592087.84
233937.28,592081.08
233943.97,592078.03
233958.63,592071.14
233973.18,592062.55
233981.87,592056.96
233986.23,592053.94
233992.22,592049.41
233997.99,592044.63
234002.89,592040.22
234009.45,592034.04
234015.49,592027.86
234019.48,592023.29
234030.1,592010.34
234033.78,592005.57
234039.48,591997.58
234047.87,591985.25
234058.8,591968.57
234072.62,591946.75
234082.57,591931.71
234098.55,591908.66
234107.41,591896.88
234120.9,591879.39
234134.98,591863.02
234143.89,591852.99
234151.4,591845.01
234168.85,591826.96
234195.22,591801.35
234202.67,591794.42
234221.91,591776.17
234227.64,591770.9
234252.12,591747.31
234276.54,591722.78
234286,591712.68
234300.72,591696.7
234308.87,591687.37
234320.06,591674.16
234324.74,591668.49
234330.75,591661.05
234349.02,591637.59
234383.74,591590.68
234391.05,591580.67
234409.83,591555.34
234429.49,591529.8
234449.87,591504.56
234461.88,591490.41
234472.37,591478.3
234486.8,591462.57
234502.14,591447.49
234526.07,591422.99
234550.97,591400.75
234574.71,591384.48
234587.96,591378.82
234593.13,591376.26
234602.97,591370.01
234610.03,591365.29
234617.68,591360.33
234628.31,591352.9
234645.66,591340.14
234658.19,591330.62
234672.65,591318.86
234682.31,591310.86
234689.1,591304.85
234706.21,591288.98
234714.31,591281.01
234729.85,591264.41
234735.88,591257.54
234753.18,591235.86
234757.28,591229.96
234770.08,591210.69
234776.29,591199.88
234780.47,591192.28
234788.05,591176.35
234793.26,591164.74
234799.43,591147.96
234801.63,591141.75
234808.21,591118.39
234813.4,591094.79
234817.47,591070.89
234820.39,591049.31
234822.96,591026.22
234828.01,590977.11
234831.6,590946.4
234835.51,590920.41
234840.57,590894.08
234846.71,590869.87
234849.02,590862.07
234854.25,590845.93
234860.55,590829.23
234866.79,590813.76
234875.84,590795.84
234880.93,590786.21
234898.44,590759.25
234903.56,590752.63
234919.46,590732.45
234942.99,590706.39
234968,590680.76
234981.24,590667.87
234995.15,590654.89
235023.61,590629.59
235041.41,590614.08
235051.81,590604.71
235067.69,590590.67
235079.66,590579.7
235112.5,590551.2
235117.22,590546.86
235123.86,590539.86
235132.18,590530.28
235141.44,590519.17
235149.48,590509.76
235172.01,590484.42
235177.53,590478.46
235189.9,590465.56
235196.49,590458.74
235202.74,590452.49
235215.66,590439.92
235228.85,590427.53
235234.47,590422.43
235250.92,590407.67
235259.85,590399.81
235309.61,590357.73
235351.28,590323.32
235360.17,590315.82
235378.57,590300.72
235385.17,590295.06
235392.43,590289.2
235419.39,590266.67
235445.94,590243.84
235471.2,590221.08
235496.92,590196.55
235521.45,590171.9
235533.32,590159.45
235545.91,590146.58
235569.85,590121.17
235577.67,590112.48
235587.5,590112.48
235612.5,590112.48
235637.5,590112.48
235662.5,590087.52
235687.5,590062.48
235712.5,590037.52
235737.5,590012.48
235762.5,589987.52
235766.28,589987.52
235769.64,589983.87
235777.09,589976.89
235786.71,589969.92
235798.5,589960.62
235812.15,589949.29
235826.93,589936.25
235832.21,589931.26
235837.08,589926.8
235845.06,589919.2
235853.84,589911.07
235871.4,589895.02
235887.49,589880.71
235898.33,589871.28
235952.79,589825.17
235963.21,589816.87
235975.91,589806.17
235990.19,589792.22
236004.46,589776.53
236018.73,589758.22
236031.46,589741.95
236043.56,589726.84
236053.18,589714.63
236062.5,589704.01
236062.5,589712.48
236062.5,589737.52
236037.5,589762.48
236037.5,589787.52
236012.5,589812.48
236012.5,589837.52
235987.5,589862.48
235987.5,589887.52
235987.5,589912.48
235962.5,589937.52
235962.5,589962.48
235937.5,589987.52
235912.5,590012.48
235887.5,590037.52
235887.5,590062.48
235862.5,590087.52
235837.5,590112.48
235837.5,590137.52
235812.5,590162.48
235787.5,590187.52
235787.5,590212.48
235787.5,590237.52
235762.5,590262.48
235762.5,590287.52
235762.5,590312.48
235762.5,590337.52
235762.5,590362.48
235737.5,590387.52
235712.5,590412.48
235687.5,590437.52
235687.5,590462.48
235662.5,590487.52
235662.5,590512.48
235637.5,590537.52
235637.5,590562.48
235612.5,590587.52
235587.5,590612.48
235562.5,590637.52
235537.5,590662.48
235512.5,590687.52
235487.5,590712.48
235487.5,590737.52
235462.5,590762.48
235462.5,590787.52
235462.5,590812.48
235462.5,590837.52
235437.5,590862.48
235437.5,590887.52
235412.5,590912.48
235387.5,590937.52
235362.5,590962.48
235362.5,590987.52
235337.5,591012.48
235337.5,591037.52
235337.5,591062.48
235337.5,591087.52
235337.5,591112.48
235337.5,591137.52
235312.5,591162.48
235312.5,591187.52
235287.5,591212.48
235287.5,591237.52
235287.5,591262.48
235262.5,591287.52
235262.5,591312.48
235262.5,591337.52
235237.5,591362.48
235237.5,591387.52
235237.5,591412.48
235212.5,591437.52
235212.5,591462.48
235187.5,591487.52
235162.5,591512.48
235162.5,591537.52
235162.5,591562.48
235162.5,591587.52
235137.5,591612.48
235137.5,591637.52
235112.5,591662.48
235087.5,591687.52
235087.5,591712.48
235062.5,591737.52
235062.5,591762.48
235037.5,591787.52
235012.5,591812.48
234987.5,591837.52
234987.5,591862.48
234962.5,591887.52
234962.5,591912.48
234962.5,591937.52
234937.5,591962.48
234937.5,591987.52
234937.5,592012.48
234912.5,592037.52
234912.5,592062.48
234887.5,592087.52
234862.5,592112.48
234837.5,592137.52
234812.5,592162.48
234787.5,592187.52
234762.5,592187.52
234737.5,592212.48
234612.5,592212.48
234587.5,592237.52
234562.5,592262.48
234537.5,592287.52
234512.5,592312.48
234512.5,592337.52
234512.5,592362.48
234487.5,592387.52
234462.5,592412.48
234437.5,592437.52
234412.5,592462.48
234387.5,592487.52
234387.5,592512.48
234387.5,592537.52
234387.5,592562.48
234387.5,592587.52
234387.5,592612.48
234387.5,592637.52
234387.5,592662.48
234387.5,592687.52
234387.5,592712.48
234387.5,592737.52
234412.5,592762.48
234412.5,592787.52
234437.5,592812.48
234437.5,592837.52
234462.5,592862.48
234487.5,592887.52
234512.5,592912.48
234537.5,592912.48
234562.5,592937.52
234562.5,593062.48
234562.5,593087.52
234562.5,593112.48
234562.5,593137.52
234562.5,593162.48
234562.5,593187.52
234537.5,593212.48
234537.5,593237.52
234537.5,593262.48
234537.5,593287.52
234537.5,593312.48
234537.5,593337.52
234537.5,593362.48
234537.5,593387.52
234537.5,593391.68
234561.14,593388.54
234576.43,593386.58
234583.31,593385.66
234593.48,593384.37
234617.75,593381.66
234626.91,593380.26
234640.41,593378.36
234645.05,593377.37
234658.97,593374.46
234669.06,593371.77
234679.37,593368.77
234688.28,593365.6
234702.97,593359.86
234721.72,593350.86
234725.97,593348.52
234744.91,593336.99
234754.8,593330.16
234765.55,593322.09
234781.19,593308.88
234786.11,593304.18
234794.3,593295.76
234801.51,593288.2
234807.11,593281.49
234818.08,593267.61
234828.58,593251.67
234831.54,593246.99
234843.43,593225.16
234852.56,593205.43
234856.73,593195.79
234859.57,593188.97
234863.9,593178.9
234866.66,593171.94
234881.82,593135.7
234889.93,593117.4
234898.23,593099.53
234906.82,593081.76
234910.01,593075.51
234925.41,593043.39
234931.38,593031.53
234939.55,593014.53
234962.5,593037.52
234987.5,593037.52
235012.5,593037.52
235037.5,593062.48
235062.5,593062.48
235087.5,593062.48
235112.5,593062.48
235137.5,593062.48
235162.5,593062.48
235187.5,593087.52
235212.5,593087.52
235237.5,593087.52
235262.5,593087.52
235287.5,593112.48
235312.5,593112.48
235337.5,593112.48
235390.94,593134.08
235412.5,593112.48
235437.5,593087.52
235437.5,593062.48
235462.5,593037.52
235487.5,593012.48
235487.5,592987.52
235512.5,592962.48
235512.5,592937.52
235512.5,592912.48
235537.5,592887.52
235537.5,592862.48
235562.5,592837.52
235587.5,592812.48
235587.5,592787.52
235612.5,592762.48
235612.5,592737.52
235637.5,592712.48
235662.5,592687.52
235687.5,592662.48
235712.5,592637.52
235737.5,592612.48
235762.5,592587.52
235787.5,592562.48
235812.5,592537.52
235837.5,592512.48
235862.5,592487.52
235887.5,592462.48
235912.5,592437.52
235937.5,592412.48
235962.5,592387.52
235987.5,592362.48
236012.5,592337.52
236012.5,592312.48
236037.5,592287.52
236062.5,592262.48
236062.5,592237.52
236087.5,592212.48
236112.5,592187.52
236137.5,592162.48
236162.5,592137.52
236187.5,592112.48
236212.5,592087.52
236237.5,592087.52
236262.5,592062.48
236287.5,592062.48
236312.5,592037.52
236337.5,592037.52
236362.5,592012.48
236387.5,591987.52
236412.5,591962.48
236437.5,591937.52
236462.5,591912.48
236487.5,591887.52
236512.5,591862.48
236537.5,591837.52
236562.5,591812.48
236587.5,591787.52
236612.5,591762.48
236637.5,591737.52
236662.5,591712.48
236687.5,591687.52
236712.5,591662.48
236737.5,591637.52
236762.5,591612.48
236787.5,591587.52
236812.5,591562.48
236812.5,591537.52
236837.5,591512.48
236862.5,591487.52
236862.5,591462.48
236887.5,591437.52
236912.5,591412.48
236912.5,591387.52
236937.5,591362.48
236962.5,591337.52
236987.5,591312.48
237012.5,591287.52
237037.5,591262.48
237062.5,591237.52
237087.5,591212.48
237112.5,591187.52
237137.5,591162.48
237162.5,591137.52
237187.5,591112.48
237212.5,591087.52
237237.5,591062.48
237262.5,591062.48
237287.5,591037.52
237312.5,591037.52
237337.5,591012.48
237362.5,591012.48
237387.5,590987.52
237412.5,590987.52
237437.5,590987.52
237462.5,590987.52
237487.5,590987.52
237512.5,590962.48
237537.5,590962.48
237562.5,590937.52
237587.5,590937.52
237612.5,590912.48
237637.5,590912.48
237662.5,590887.52
237687.5,590862.48
237712.5,590837.52
237737.5,590812.48
237762.5,590812.48
237787.5,590787.52
237812.5,590787.52
237837.5,590762.48
237862.5,590737.52
237887.5,590712.48
237912.5,590687.52
237937.5,590662.48
237962.5,590662.48
237987.5,590637.52
238012.5,590612.48
238037.5,590612.48
238062.5,590587.52
238087.5,590562.48
238112.5,590562.48
238137.5,590537.52
238162.5,590512.48
238187.5,590512.48
238212.5,590487.52
238237.5,590487.52
238262.5,590462.48
238287.5,590462.48
238312.5,590462.48
238337.5,590437.52
238362.5,590412.48
238387.5,590412.48
238412.5,590387.52
238437.5,590362.48
238462.5,590337.52
238487.5,590312.48
238512.5,590287.52
238537.5,590262.48
238562.5,590237.52
238562.5,590212.48
238587.5,590187.52
238612.5,590162.48
238612.5,590137.52
238637.5,590112.48
238662.5,590087.52
238687.5,590062.48
238712.5,590037.52
238737.5,590012.48
238762.5,589987.52
238787.5,589962.48
238812.5,589962.48
238837.5,589937.52
238862.5,589912.48
238887.5,589887.52
238912.5,589862.48
238937.5,589862.48
238962.5,589837.52
238987.5,589812.48
239012.5,589787.52
239037.5,589787.52
239062.5,589762.48
239087.5,589737.52
239112.5,589712.48
239137.5,589687.52
239162.5,589662.48
239187.5,589637.52
239212.5,589612.48
239237.5,589587.52
239262.5,589562.48
239287.5,589537.52
239312.5,589512.48
239337.5,589487.52
239362.5,589462.48
239387.5,589437.52
239412.5,589412.48
239437.5,589387.52
239462.5,589387.52
239487.5,589362.48
239512.5,589337.52
239532.04,589317.95
239600,589320.88
239621.78,589321.8
239647.56,589322.56
239672.7,589322.68
239697.3,589322.32
239721.4,589321.44
239728.94,589321.08
239755.66,589319.36
239775,589317.76
239800,589315.2
239825,589311.8
239850,589307.76
239871.22,589303.76
239877.48,589302.48
239897.92,589297.92
239925,589290.64
239950,589282.48
239968.94,589275
239975,589272.36
239990.02,589265
240000,589260
240006.34,589256.36
240017.08,589250
240025,589244.64
240035.88,589236.88
240062.03,589216.1
240087.05,589189.73
240105.82,589155.56
240110.6,589131.44
240105.82,589091.1
240077.26,589011.89
240050.56,588953.41
240028.14,588894.88
240009.9,588845.99
240003.64,588813.76
240006.46,588769.53
240018.24,588717.08
240049.5,588658.64
240055.62,588650
240064.4,588639.36
240075,588627.24
240088.36,588613.36
240100,588601.92
240114.04,588589.08
240137.5,588568.27
240137.5,588562.48
240137.5,588537.52
240137.5,588512.48
240162.5,588487.52
240162.5,588462.48
240187.5,588437.52
240212.5,588412.48
240218.16,588406.83
240222.34,588350
240225,588336.88
240230.96,588305.92
240235.42,588289.56
240240.32,588275
240243,588268
240250,588252.68
240257.6,588232.56
240260.9,588225
240264.76,588214.76
240268.26,588206.76
240271.04,588200
240275,588189.64
240278.88,588178.88
240289.68,588150
240292.46,588142.44
240299.68,588125.32
240307.1,588107.08
240310.44,588100
240315.24,588090.24
240322.58,588077.44
240333.96,588059
240340.58,588050
240344.62,588044.64
240356.28,588031.32
240368.74,588018.76
240375,588013.2
240382.16,588007.2
240391.96,588000
240400,587993.76
240441.82,587966.8
240457.14,587957.12
240468.78,587950
240487.5,587937.96
240487.5,587937.52
240487.5,587912.48
240487.5,587887.52
240512.5,587862.48
240512.5,587837.52
240512.5,587812.48
240537.5,587787.52
240537.5,587762.48
240537.5,587737.52
240562.5,587712.48
240562.5,587687.52
240562.5,587662.48
240587.5,587637.52
240587.5,587612.48
240612.5,587587.52
240612.5,587562.48
240637.5,587537.52
240637.5,587512.48
240662.5,587487.52
240687.5,587462.48
240687.5,587437.52
240712.5,587412.48
240712.5,587387.52
240737.5,587362.48
240737.5,587337.52
240762.5,587312.48
240787.5,587287.52
240812.5,587262.48
240837.5,587237.52
240862.5,587212.48
240887.5,587187.52
240912.5,587162.48
240937.5,587137.52
240937.5,587112.48
240962.5,587087.52
240987.5,587062.48
241012.5,587037.52
241037.5,587012.48
241057.62,586992.22
241062.5,586987.52
241087.5,586962.48
241087.5,586937.52
241112.5,586912.48
241112.5,586887.52
241112.5,586862.48
241137.5,586837.52
241162.5,586812.48
241187.5,586787.52
241187.5,586762.48
241212.5,586737.52
241212.5,586712.48
241237.5,586687.52
241237.5,586662.48
241262.5,586637.52
241262.5,586612.48
241287.5,586587.52
241312.5,586562.48
241337.5,586537.52
241362.5,586512.48
241362.5,586487.52
241387.5,586462.48
241387.5,586437.52
241412.5,586412.48
241437.5,586387.52
241462.5,586362.48
241487.5,586337.52
241512.5,586312.48
241537.5,586287.52
241562.5,586262.48
241587.5,586237.52
241612.5,586212.48
241637.5,586187.52
241662.5,586162.48
241687.5,586137.52
241712.5,586112.48
241737.5,586087.52
241762.5,586062.48
241787.5,586037.52
241812.5,586012.48
241837.5,585987.52
241862.5,585962.48
241887.5,585937.52
241912.5,585912.48
241937.5,585887.52
241962.5,585862.48
241962.5,585837.52
241987.5,585812.48
241987.5,585787.52
241987.5,585762.48
242012.5,585737.52
242037.5,585712.48
242062.5,585687.52
242087.5,585662.48
242112.5,585637.52
242137.5,585612.48
242162.5,585587.52
242187.5,585562.48
242212.5,585537.52
242237.5,585512.48
242262.5,585487.52
242287.5,585462.48
242312.5,585462.48
242337.5,585437.52
242362.5,585412.48
242387.5,585387.52
242412.5,585362.48
242437.5,585337.52
242462.5,585312.48
242487.5,585287.52
242512.5,585262.48
242515.07,585259.91
242532.26,585257.24
242543.34,585256.68
242556.32,585256.32
242569.18,585255.8
242580.1,585255.12
242596.06,585253.92
242603.08,585253.08
242625.82,585249.2
242650,585243.88
242664.56,585239.56
242675,585236.32
242683.32,585233.32
242697.22,585227.8
242703.76,585225
242718.84,585218.8
242725,585216.08
242735.9,585210.88
242742.82,585207.2
242750,585203.52
242756.24,585200
242768.88,585193.88
242775,585190.48
242785.2,585185.2
242802.34,585175
242817.46,585167.44
242825,585163
242833.72,585158.68
242851.66,585148.36
242866.86,585141.88
242875,585137.56
242884.12,585134.12
242897.14,585127.88
242905.18,585125
242925,585118.92
242932.5,585117.52
242941.4,585116.36
242950,585114.44
242965.24,585115.24
242975,585115.52
242982.54,585117.44
243001.52,585125
243013.84,585136.12
243026.6,585151.64
243033.56,585166.44
243037.04,585175
243039.84,585185.12
243041.36,585191.36
243044.54,585205.44
243047.78,585227.24
243052.82,585272.2
243057.18,585300
243060.72,585314.24
243063.76,585325
243066.78,585333.2
243075,585351.52
243084.26,585365.76
243095.38,585379.64
243100,585384.2
243108.18,585391.8
243118.18,585400
243125,585404.68
243137.66,585412.32
243153.9,585421.12
243162.44,585425
243175,585430.12
243182.82,585432.8
243189.7,585435.32
243200,585438.64
243208.86,585441.12
243228.78,585446.2
243250,585450.56
243271.24,585453.76
243293.76,585456.24
243307.26,585457.24
243325,585458.32
243350,585459
243358.92,585458.92
243366.22,585458.8
243375,585458.76
243383.54,585458.56
243391.78,585458.2
243407.82,585457.8
243417.76,585457.24
243425,585457.08
243432,585457
243443.4,585456.64
243450,585456.56
243456.9,585456.88
243467.88,585457.12
243475,585457.52
243483.68,585458.68
243490.54,585459.44
243500,585460.8
243511.18,585463.8
243525,585467.76
243543.46,585475
243550,585477.52
243565.22,585484.8
243575,585489.24
243582.18,585492.8
243597.9,585500
243616.87,585508.12
243612.5,585512.48
243587.5,585537.52
243562.5,585537.52
243537.5,585562.48
243512.5,585562.48
243487.5,585587.52
243462.5,585587.52
243437.5,585612.48
243412.5,585637.52
243387.5,585662.48
243387.5,585687.52
243387.5,585712.48
243362.5,585737.52
243337.5,585762.48
243312.5,585787.52
243287.5,585812.48
243262.5,585837.52
243237.5,585862.48
243212.5,585887.52
243212.5,585912.48
243187.5,585937.52
243162.5,585962.48
243162.5,585987.52
243137.5,586012.48
243112.5,586037.52
243087.5,586062.48
243087.5,586087.52
243062.5,586112.48
243062.5,586137.52
243062.5,586162.48
243037.5,586187.52
243037.5,586212.48
243037.5,586237.52
243012.5,586262.48
243012.5,586287.52
243012.5,586312.48
242987.5,586337.52
242987.5,586362.48
242987.5,586387.52
242962.5,586412.48
242937.5,586437.52
242937.5,586462.48
242912.5,586487.52
242912.5,586512.48
242912.5,586537.52
242887.5,586562.48
242862.5,586587.52
242862.5,586612.48
242862.5,586637.52
242862.5,586662.48
242837.5,586687.52
242837.5,586712.48
242812.5,586737.52
242812.5,586762.48
242787.5,586787.52
242787.5,586812.48
242762.5,586837.52
242762.5,586862.48
242762.5,586887.52
242737.5,586912.48
242737.5,586937.52
242712.5,586962.48
242712.5,586987.52
242687.5,587012.48
242662.5,587037.52
242662.5,587062.48
242637.5,587087.52
242637.5,587112.48
242612.5,587137.52
242612.5,587162.48
242587.5,587187.52
242562.5,587212.48
242562.5,587237.52
242562.5,587262.48
242541.34,587283.68
242517.9,587292.92
242500,587303
242492.12,587307.88
242486.36,587311.36
242475,587318.88
242466.24,587325
242456.62,587331.64
242450,587336.48
242442.24,587342.24
242432.32,587350
242425,587355.44
242398.2,587375
242375,587390.56
242369.28,587394.32
242360.72,587400
242338.84,587413.8
242308.64,587433.64
242300,587439.56
242293.88,587443.88
242275,587458.2
242265.74,587465.76
242255.18,587475
242250,587479.64
242239.6,587489.64
242225,587504.08
242214.6,587514.64
242200,587529
242188.88,587538.88
242162.5,587561.08
242162.5,587637.52
242137.5,587662.48
242112.5,587662.48
242087.5,587687.52
242062.5,587712.48
242037.5,587737.52
242037.5,587762.48
242037.5,587787.52
242012.5,587812.48
242012.5,587837.52
241987.5,587862.48
241962.5,587887.52
241937.5,587912.48
241912.5,587937.52
241887.5,587962.48
241862.5,587987.52
241837.5,588012.48
241812.5,588037.52
241787.5,588062.48
241762.5,588087.52
241737.5,588112.48
241737.5,588137.52
241712.5,588162.48
241687.5,588187.52
241662.5,588212.48
241662.5,588237.52
241637.5,588262.48
241637.5,588287.52
241612.5,588312.48
241587.5,588337.52
241587.5,588362.48
241562.5,588387.52
241562.5,588412.48
241537.5,588437.52
241537.5,588462.48
241537.5,588487.52
241537.5,588512.48
241512.5,588537.52
241487.5,588562.48
241462.5,588587.52
241462.5,588612.48
241437.5,588637.52
241437.5,588662.48
241412.5,588687.52
241387.5,588712.48
241362.5,588737.52
241337.5,588762.48
241312.5,588787.52
241287.5,588812.48
241262.5,588837.52
241237.5,588862.48
241212.5,588887.52
241212.5,588912.48
241187.5,588937.52
241162.5,588962.48
241137.5,588987.52
241112.5,589012.48
241112.5,589037.52
241087.5,589062.48
241087.5,589087.52
241062.5,589112.48
241062.5,589137.52
241037.5,589162.48
241012.5,589187.52
241012.5,589212.48
240987.5,589237.52
240987.5,589262.48
240962.5,589287.52
240962.5,589312.48
240937.5,589337.52
240937.5,589362.48
240912.5,589387.52
240912.5,589412.48
240887.5,589437.52
240887.5,589462.48
240887.5,589487.52
240887.5,589512.48
240862.5,589537.52
240837.5,589562.48
240812.5,589587.52
240787.5,589587.52
240762.5,589587.52
240737.5,589612.48
240737.5,589637.52
240737.5,589662.48
240712.5,589687.52
240712.5,589712.48
240687.5,589737.52
240662.5,589762.48
240637.5,589787.52
240612.5,589787.52
240587.5,589787.52
240562.5,589787.52
240537.5,589812.48
240512.5,589812.48
240487.5,589812.48
240462.5,589812.48
240437.5,589837.52
240412.5,589862.48
240387.5,589887.52
240362.5,589912.48
240337.5,589937.52
240312.5,589962.48
240287.5,589987.52
240262.5,590012.48
240237.5,590037.52
240212.5,590037.52
240187.5,590062.48
240162.5,590087.52
240162.5,590112.48
240137.5,590137.52
240112.5,590162.48
240087.5,590187.52
240062.5,590212.48
240037.5,590237.52
240012.5,590262.48
239987.5,590287.52
239987.5,590312.48
239962.5,590337.52
239962.5,590362.48
239937.5,590387.52
239937.5,590412.48
239912.5,590437.52
239912.5,590462.48
239887.5,590487.52
239862.5,590512.48
239837.5,590537.52
239812.5,590562.48
239787.5,590562.48
239762.5,590587.52
239737.5,590612.48
239712.5,590637.52
239687.5,590662.48
239662.5,590687.52
239637.5,590712.48
239612.5,590712.48
239587.5,590737.52
239562.5,590762.48
239537.5,590787.52
239512.5,590812.48
239487.5,590837.52
239462.5,590862.48
239437.5,590887.52
239412.5,590912.48
239387.5,590912.48
239362.5,590937.52
239337.5,590962.48
239312.5,590987.52
239287.5,591012.48
239262.5,591012.48
239237.5,591037.52
239212.5,591037.52
239187.5,591037.52
239162.5,591062.48
239137.5,591062.48
239112.5,591087.52
239087.5,591112.48
239062.5,591112.48
239037.5,591137.52
239012.5,591137.52
238987.5,591137.52
238962.5,591162.48
238912.5,591212.48
238887.5,591237.52
238862.5,591262.48
238837.5,591262.48
238812.5,591262.48
238787.5,591287.52
238762.5,591312.48
238737.5,591337.52
238737.5,591462.48
238712.5,591487.52
238687.5,591512.48
238662.5,591537.52
238637.5,591562.48
238612.5,591562.48
238587.5,591587.52
238562.5,591587.52
238537.5,591587.52
238512.5,591612.48
238487.5,591637.52
238462.5,591662.48
238462.5,591687.52
238462.5,591712.48
238437.5,591737.52
238412.5,591762.48
238387.5,591787.52
238362.5,591812.48
238337.5,591837.52
238312.5,591862.48
238287.5,591887.52
238287.5,591912.48
238262.5,591937.52
238262.5,591962.48
238262.5,591987.52
238237.5,592012.48
238212.5,592037.52
238187.5,592062.48
238162.5,592087.52
238137.5,592112.48
238112.5,592137.52
238087.5,592162.48
238062.5,592187.52
238037.5,592212.48
238012.5,592237.52
237987.5,592262.48
237962.5,592287.52
237937.5,592312.48
237912.5,592337.52
237887.5,592362.48
237862.5,592387.52
237837.5,592412.48
237812.5,592437.52
237787.5,592462.48
237762.5,592487.52
237737.5,592487.52
237712.5,592512.48
237687.5,592512.48
237662.5,592512.48
237637.5,592537.52
237612.5,592562.48
237587.5,592587.52
237562.5,592612.48
237537.5,592637.52
237512.5,592637.52
237487.5,592662.48
237462.5,592662.48
237437.5,592687.52
237412.5,592712.48
237412.5,592737.52
237387.5,592762.48
237362.5,592787.52
237337.5,592812.48
237312.5,592837.52
237287.5,592862.48
237262.5,592887.52
237237.5,592912.48
237212.5,592937.52
237187.5,592962.48
237162.5,592987.52
237137.5,593012.48
237112.5,593037.52
237087.5,593062.48
237062.5,593062.48
237037.5,593087.52
237012.5,593112.48
236987.5,593137.52
236962.5,593162.48
236937.5,593187.52
236937.5,593212.48
236912.5,593237.52
236887.5,593262.48
236887.5,593287.52
236887.5,593312.48
236887.5,593337.52
236887.5,593362.48
236887.5,593387.52
236887.5,593412.48
236887.5,593437.52
236887.5,593462.48
236887.5,593487.52
236887.5,593512.48
236887.5,593537.52
236887.5,593562.48
236887.5,593587.52
236887.5,593612.48
236887.5,593637.52
236862.5,593662.48
236862.5,593687.52
236837.5,593712.48
236837.5,593737.52
236837.5,593762.48
236837.5,593787.52
236812.5,593812.48
236787.5,593837.52
236762.5,593862.48
236737.5,593887.52
236712.5,593912.48
236712.5,593937.52
236687.5,593962.48
236662.5,593987.52
236662.5,594012.48
236637.5,594037.52
236612.5,594062.48
236612.5,594087.52
236587.5,594112.48
236562.5,594137.52
236562.5,594162.48
236537.5,594187.52
236512.5,594212.48
236487.5,594237.52
236462.5,594262.48
236462.5,594287.52
236437.5,594312.48
236437.5,594337.52
236412.5,594362.48
236387.5,594387.52
236387.5,594412.48
236362.5,594437.52
236362.5,594462.48
236337.5,594487.52
236312.5,594512.48
236312.5,594537.52
236287.5,594562.48
236262.5,594587.52
236237.5,594612.48
236212.5,594637.52
236187.5,594662.48
236162.5,594687.52
236162.5,594712.48
236137.5,594737.52
236112.5,594762.48
236112.5,594787.52
236087.5,594812.48
236062.5,594837.52
236037.5,594862.48
236012.5,594887.52
235987.5,594912.48
235962.5,594937.52
235937.5,594962.48
235912.5,594987.52
235887.5,595012.48
235862.5,595037.52
235837.5,595037.52
235812.5,595062.48
235787.5,595062.48
235762.5,595062.48
235737.5,595087.52
235712.5,595112.48
235687.5,595137.52
235662.5,595162.48
235637.5,595187.52
235612.5,595212.48
235587.5,595237.52
235562.5,595262.48
235562.5,595287.52
235562.5,595312.48
235562.5,595337.52
235562.5,595362.48
235562.5,595387.52
235587.5,595412.48
235587.5,595437.52
235612.5,595462.48
235612.5,595487.52
235612.5,595512.48
235612.5,595537.52
235612.5,595562.48
235612.5,595587.52
235612.5,595612.48
235612.5,595637.52
235587.5,595662.48
235587.5,595687.52
235587.5,595712.48
235587.5,595737.52
235587.5,595762.48
235587.5,595787.52
235587.5,595812.48
235587.5,595837.52
235562.5,595862.48
235562.5,595887.52
235562.5,595912.48
235562.5,595937.52
235537.5,595962.48
235537.5,595987.52
235537.5,596012.48
235537.5,596037.52
235512.5,596062.48
235512.5,596087.52
235487.5,596112.48
235462.5,596137.52
235462.5,596162.48
235437.5,596187.52
235437.5,596212.48
235412.5,596237.52
235412.5,596262.48
235412.5,596287.52
235387.5,596312.48
235362.5,596337.52
235337.5,596362.48
235312.5,596387.52
235287.5,596412.48
235262.5,596437.52
235237.5,596462.48
235212.5,596487.52
235212.5,596512.48
235187.5,596537.52
235187.5,596562.48
235162.5,596587.52
235162.5,596612.48
235137.5,596637.52
235112.5,596662.48
235087.5,596687.52
235062.5,596712.48
235037.5,596737.52
235037.5,596762.48
235012.5,596787.52
234987.5,596812.48
234962.5,596837.52
234962.5,596862.48
234937.5,596887.52
234937.5,596912.48
234937.5,596937.52
234912.5,596962.48
234887.5,596987.52
234862.5,597012.48
234837.5,597037.52
234812.5,597062.48
234787.5,597087.52
234762.5,597112.48
234737.5,597137.52
234712.5,597162.48
234687.5,597187.52
234662.5,597212.48
234637.5,597237.52
234612.5,597262.48
234587.5,597287.52
234562.5,597312.48
234537.5,597337.52
234512.5,597362.48
234487.5,597387.52
234462.5,597412.48
234437.5,597437.52
234412.5,597462.48
234387.5,597487.52
234362.5,597512.48
234337.5,597537.52
234312.5,597562.48
234287.5,597587.52
234262.5,597612.48
234237.5,597637.52
234212.5,597662.48
234187.5,597687.52
234162.5,597712.48
234137.5,597737.52
234112.5,597762.48
234087.5,597787.52
234062.5,597787.52
234037.5,597812.48
234012.5,597837.52
233987.5,597862.48
233962.5,597862.48
233937.5,597887.52
233912.5,597887.52
233887.5,597887.52
233862.5,597912.48
233837.5,597912.48
233812.5,597937.52
233787.5,597962.48
233762.5,597987.52
233737.5,598012.48
233712.5,598037.52
233687.5,598062.48
233662.5,598087.52
233637.5,598087.52
233612.5,598112.48
233587.5,598137.52
233562.5,598162.48
233537.5,598162.48
233512.5,598187.52
233487.5,598187.52
233462.5,598212.48
233437.5,598212.48
233412.5,598212.48
233387.5,598237.52
233362.5,598262.48
233337.5,598287.52
233337.5,598387.52
233362.5,598412.48
233387.5,598437.52
233387.5,598462.48
233387.5,598487.52
233387.5,598512.48
233387.5,598537.52
233387.5,598562.48
233387.5,598587.52
233387.5,598612.48
233387.5,598637.52
233387.5,598662.48
233412.5,598687.52
233412.5,598712.48
233412.5,598737.52
233412.5,598762.48
233412.5,598787.52
233412.5,598812.48
233412.5,598837.52
233412.5,598862.48
233412.5,598887.52
233437.5,598912.48
233462.5,598937.52
233487.5,598962.48
233512.5,598987.52
233512.5,599012.48
233537.5,599037.52
233559.14,599059.12
233616.88,599041.88
233625,599038.88
233635.68,599035.68
233650,599030.92
233672.98,599025
233695.36,599020.36
233706.32,599018.68
233717.72,599017.68
233725,599016.92
233733.1,599016.88
233741.92,599016.92
233750,599016.88
233775,599018.68
233796.26,599021.24
233824.98,599025
233847.42,599027.56
233870.52,599029.52
233879.9,599029.88
233894.36,599030.64
233919.12,599030.88
233930.54,599030.48
233944.7,599030.32
233954.7,599029.68
233971,599029
233978.42,599028.44
233997.74,599027.24
234048.62,599023.64
234072.54,599022.48
234096.66,599021.68
234103.46,599021.56
234137.5,599020.3
234137.5,599037.52
234137.5,599062.48
234137.5,599087.52
234137.5,599112.48
234137.5,599137.52
234137.5,599162.48
234137.5,599187.52
234137.5,599212.48
234137.5,599237.52
234137.5,599262.48
234137.5,599287.52
234137.5,599312.48
234137.5,599337.52
234137.5,599362.48
234137.5,599387.52
234137.5,599412.48
234137.5,599437.52
234137.5,599462.48
234137.5,599487.52
234137.5,599512.48
234137.5,599537.52
234137.5,599562.48
234137.5,599587.52
234137.5,599612.48
234137.5,599637.52
234137.5,599662.48
234137.5,599687.52
234137.5,599712.48
234137.5,599737.52
234137.5,599762.48
234137.5,599787.52
234137.5,599812.48
234137.5,599837.52
234137.5,599862.48
234137.5,599887.52
234137.5,599912.48
234137.5,599937.52
234137.5,599962.48
234137.5,599987.52
234137.5,600012.48
234137.5,600037.52
234137.5,600062.48
234137.5,600087.52
234137.5,600104.59
234171.62,600096.64
234181.68,600093.32
234190.64,600090.64
234200,600087.08
234208.34,600083.36
234211.1,600081.8
234238.25,600067.39
234265.46,600041.9
234281.22,600016.41
234297.06,599982.33
234353.62,599870.29
234422.16,599761.09
234488.98,599653.6
234555.42,599553.8
234575,599528.76
234596.78,599503.24
234622.9,599475
234647.5,599450
234712.4,599387.36
234738.08,599363.08
234750,599351.92
234764.06,599339.08
234812.5,599296.75
234812.5,599312.48
234812.5,599337.52
234787.5,599362.48
234787.5,599387.52
234787.5,599412.48
234787.5,599437.52
234787.5,599462.48
234787.5,599487.52
234787.5,599512.48
234787.5,599537.52
234787.5,599562.48
234787.5,599587.52
234762.5,599612.48
234762.5,599637.52
234762.5,599662.48
234762.5,599687.52
234737.5,599712.48
234712.5,599737.52
234712.5,599762.48
234687.5,599787.52
234687.5,599812.48
234687.5,599837.52
234687.5,599862.48
234687.5,599887.52
234662.5,599912.48
234637.5,599937.52
234612.5,599962.48
234612.5,599987.52
234587.5,600012.48
234587.5,600037.52
234562.5,600062.48
234537.5,600087.52
234537.5,600112.48
234512.5,600137.52
234487.5,600162.48
234462.5,600187.52
234437.5,600212.48
234412.5,600237.52
234412.5,600262.48
234412.5,600287.52
234387.5,600312.48
234387.5,600337.52
234387.5,600359.79
234361.54,600386.56
234350,600401.08
234341,600416
234336.24,600425
234332.88,600432.88
234327.3,600447.68
234325,600455.2
234320.9,600470.88
234319.18,600480.8
234317.36,600492.36
234316.36,600500
234316.04,600508.92
234315.64,600515.64
234315.32,600525
234315.82,600534.2
234315.98,600541
234316.44,600550
234317.46,600557.52
234318.68,600568.68
234320.44,600579.56
234325,600604
234329.76,600625
234331.42,600631.44
234334.04,600640.92
234336.28,600650
234340.84,600665.88
234350,600696.56
234356.89,600718.85
234351,600778.08
234345.89,600825.78
234368.04,600831.92
234375,600834.08
234387.28,600837.24
234400,600840.76
234408.02,600842
234418.78,600843.76
234430.04,600845
234445.54,600845.52
234454.88,600845.12
234468.4,600843.36
234475,600842.64
234500,600836.44
234508.34,600833.36
234520.94,600829.08
234530.96,600825
234544.4,600819.36
234575,600805.52
234585.58,600800
234595.18,600795.2
234625,600779.36
234650,600764.68
234672.72,600750
234680.32,600744.68
234688.68,600738.68
234700,600730.36
234711.68,600720.92
234808.24,600628.13
234898.17,600540.66
234951.16,600493.16
234990.46,600450.73
235020.21,600401
235048.6,600339.23
235094.64,600228.64
235096.66,600225
235107.88,600207.88
235113.28,600200
235118.46,600193.44
235129.86,600179.88
235134.14,600175
235142.1,600167.12
235155.04,600155.08
235160.86,600150
235168.86,600143.88
235187.5,600130.64
235187.5,600137.52
235187.5,600162.48
235187.5,600187.52
235187.5,600212.48
235187.5,600237.52
235187.5,600262.48
235187.5,600287.52
235187.5,600312.48
235187.5,600337.52
235187.5,600362.48
235187.5,600387.52
235162.5,600412.48
235162.5,600437.52
235162.5,600462.48
235162.5,600487.52
235162.5,600512.48
235137.5,600537.52
235137.5,600562.48
235137.5,600587.52
235137.5,600612.48
235112.5,600637.52
235112.5,600662.48
235112.5,600687.52
235087.5,600712.48
235087.5,600737.52
235087.5,600762.48
235087.5,600787.52
235087.5,600812.48
235087.5,600837.52
235062.5,600862.48
235062.5,600887.52
235062.5,600912.48
235062.5,600937.52
235062.5,600962.48
235037.5,600987.52
235012.5,601012.48
235012.5,601037.52
234987.5,601062.48
234987.5,601087.52
234987.5,601112.48
234987.5,601137.52
234987.5,601162.48
234987.5,601187.52
234987.5,601212.48
234987.5,601237.52
234987.5,601262.48
234962.5,601287.52
234962.5,601312.48
234962.5,601317.72
234988.14,601336.88
235004.44,601350
235014.24,601360.76
235029.62,601375
235040.88,601384.12
235050,601391.08
235067.5,601400
235075,601403.68
235091.34,601408.64
235100,601411.36
235125,601414.12
235150,601412.24
235160.32,601410.32
235167.1,601407.92
235175,601405.92
235183.86,601400
235194.26,601394.24
235200,601390.8
235208.68,601383.68
235218.24,601375
235225,601368.76
235233.46,601358.48
235239.58,601350
235243.74,601343.76
235250,601332.64
235253.5,601325
235259.36,601309.36
235262.34,601300
235264.9,601289.92
235268.18,601275
235271.62,601253.36
235274.96,601225.08
235277.14,601202.12
235279.54,601179.52
235280.76,601169.24
235283.24,601150
235287.86,601125
235295.44,601089.13
235333.28,601124.76
235366.98,601230.64
235378.4,601178.36
235380.72,601169.24
235383.26,601158.24
235385.46,601150
235427.7,601022.99
235484.12,600910.98
235537.82,600793.85
235576.92,600673.46
235629.38,600565.64
235637.9,600550
235650,600527.08
235663.02,600500
235673.24,600476.76
235681.32,600456.32
235683.76,600450
235692.58,600425
235700,600402.48
235716.24,600350
235724.46,600325.56
235733.94,600300
235744.72,600275
235754.68,600254.68
235763.42,600238.44
235770.9,600225
235775,600218.36
235785.9,600200
235800,600178.08
235805.16,600169.8
235810.9,600160.92
235817.78,600150
235825,600139.24
235830.46,600130.48
235833.78,600125
235840.18,600115.2
235849.6,600100.44
235865.32,600075
235875,600060.08
235878.8,600053.8
235912.94,600000
235925,599981.52
235950,599941.68
235956.18,599931.2
235965.3,599915.32
235972.22,599902.76
235982.62,599882.64
235986.3,599875
235990.68,599865.68
236000,599844.64
236005.62,599830.64
236012.3,599812.68
236018.98,599794
236025,599776
236031.28,599756.24
236040.76,599725
236042.96,599717.92
236058.26,599666.76
236060.4,599660.36
236068.24,599631.77
236087.5,599612.48
236087.5,599587.52
236087.5,599562.48
236087.5,599537.52
236087.5,599512.48
236087.5,599487.52
236112.5,599462.48
236112.5,599437.52
236112.5,599412.48
236137.5,599387.52
236137.5,599362.48
236137.5,599337.52
236137.5,599312.48
236162.5,599287.52
236162.5,599262.48
236162.5,599237.52
236187.5,599212.48
236187.5,599187.52
236187.5,599162.48
236187.5,599137.52
236187.5,599112.48
236212.5,599087.52
236212.5,599062.48
236212.5,599037.52
236237.5,599012.48
236237.5,598987.52
236262.5,598962.48
236262.5,598937.52
236262.5,598912.48
236262.5,598908.37
236280.82,598880.8
236284.4,598875
236290.44,598865.44
236300,598849.2
236308.72,598833.68
236317.32,598817.32
236325,598801.56
236333.4,598783.36
236340.88,598765.88
236348.06,598748.08
236354.94,598729.92
236374.34,598675.64
236381.64,598656.64
236384.32,598650
236389.02,598639
236395.4,598625
236400,598615.8
236405.46,598605.44
236414.48,598589.52
236425,598572.36
236434.34,598559.36
236441.48,598550
236450,598539.64
236457.18,598532.2
236464.46,598525
236469.84,598519.8
236475,598515.12
236483.54,598508.56
236494.96,598500
236508.32,598491.68
236525,598482.36
236550,598472.12
236567.66,598467.64
236575,598465.68
236600,598462.64
236625,598463.32
236635.14,598464.88
236650,598467.64
236671.72,598475
236677.82,598477.8
236690.6,598484.36
236700,598490.48
236705.54,598494.44
236718.78,598506.24
236725,598513.08
236730.6,598519.44
236740.96,598534.08
236750,598549.76
236758.6,598566.36
236762.22,598575
236766.06,598583.92
236769.98,598595
236772.8,598602.2
236779.1,598620.88
236782.48,598632.48
236784.94,598640.08
236787.68,598650
236790.46,598659.56
236792.54,598667.52
236794.6,598675
236806.2,598718.8
236807.72,598725
236814.12,598750
236816.5,598758.48
236819.44,598769.44
236821.96,598778.08
236835.37,598814.61
236812.5,598837.52
236812.5,598862.48
236812.5,598887.52
236812.5,598912.48
236787.5,598937.52
236787.5,598962.48
236762.5,598987.52
236762.5,599012.48
236762.5,599037.52
236762.5,599062.48
236762.5,599087.52
236737.5,599112.48
236737.5,599137.52
236737.5,599162.48
236712.5,599187.52
236712.5,599212.48
236712.5,599237.52
236687.5,599262.48
236687.5,599287.52
236687.5,599312.48
236662.5,599337.52
236637.5,599362.48
236637.5,599387.52
236637.5,599412.48
236612.5,599437.52
236612.5,599462.48
236612.5,599487.52
236587.5,599512.48
236562.5,599537.52
236562.5,599562.48
236537.5,599587.52
236512.5,599612.48
236512.5,599637.52
236512.5,599662.48
236487.5,599687.52
236487.5,599712.48
236487.5,599737.52
236487.5,599762.48
236462.5,599787.52
236462.5,599812.48
236462.5,599837.52
236462.5,599862.48
236462.5,599887.52
236462.5,599912.48
236462.5,599937.52
236437.5,599962.48
236437.5,599987.52
236412.5,600012.48
236412.5,600037.52
236412.5,600062.48
236412.5,600087.52
236412.5,600112.48
236387.5,600137.52
236387.5,600162.48
236387.5,600187.52
236387.5,600212.48
236387.5,600237.52
236387.5,600262.48
236387.5,600287.52
236387.5,600312.48
236387.5,600337.52
236387.5,600362.48
236362.5,600387.52
236362.5,600412.48
236337.5,600437.52
236337.5,600462.48
236312.5,600487.52
236312.5,600512.48
236287.5,600537.52
236262.5,600562.48
236237.5,600587.52
236212.5,600612.48
236212.5,600637.52
236187.5,600662.48
236187.5,600687.52
236187.5,600712.48
236187.5,600737.52
236162.5,600762.48
236137.5,600787.52
236112.5,600812.48
236087.5,600837.52
236062.5,600862.48
236062.5,600887.52
236062.5,600912.48
236037.5,600937.52
236037.5,600962.48
236012.5,600987.52
236012.5,601012.48
236012.5,601037.52
236012.5,601062.48
236012.5,601087.52
235987.5,601112.48
235962.5,601137.52
235962.5,601162.48
235937.5,601187.52
235937.5,601212.48
235912.5,601237.52
235912.5,601262.48
235912.5,601287.52
235887.5,601312.48
235862.5,601337.52
235862.5,601362.48
235837.5,601387.52
235837.5,601412.48
235837.5,601437.52
235837.5,601462.48
235837.5,601487.52
235837.5,601512.48
235837.5,601537.52
235837.5,601562.48
235812.5,601587.52
235787.5,601612.48
235762.5,601637.52
235762.5,601662.48
235762.5,601687.52
235762.5,601712.48
235762.5,601737.52
235762.5,601762.48
235762.5,601787.52
235762.5,601812.48
235762.5,601837.52
235762.5,601862.48
235762.5,601887.52
235737.5,601912.48
235737.5,601937.52
235737.5,601962.48
235737.5,601987.52
235737.5,602012.48
235737.5,602037.52
235737.5,602062.48
235737.5,602087.52
235712.5,602112.48
235712.5,602137.52
235687.5,602162.48
235687.5,602187.52
235687.5,602212.48
235687.5,602237.52
235687.5,602262.48
235687.5,602287.52
235687.5,602312.48
235687.5,602337.52
235687.5,602362.48
235687.5,602387.52
235687.5,602412.48
235687.5,602437.52
235687.5,602462.48
235687.5,602487.52
235687.5,602512.48
235687.5,602537.52
235687.5,602562.48
235687.5,602587.52
235687.5,602612.48
235687.5,602637.52
235687.5,602662.48
235687.5,602687.52
235687.5,602712.48
235687.5,602737.52
235687.5,602762.48
235687.5,602787.52
235687.5,602812.48
235687.5,602837.52
235687.5,602862.48
235687.5,602887.52
235687.5,602912.48
235687.5,602937.52
235687.5,602962.48
235712.5,602987.52
235712.5,603012.48
235712.5,603037.52
235712.5,603062.48
235712.5,603087.52
235737.5,603112.48
235737.5,603137.52
235737.5,603162.48
235737.5,603187.52
235762.5,603212.48
235762.5,603237.52
235787.5,603262.48
235787.5,603287.52
235787.5,603312.48
235812.5,603337.52
235812.5,603362.48
235837.5,603387.52
235837.5,603412.48
235837.5,603437.52
235837.5,603450
235847.68,603452.32
235854.2,603454.2
235867.44,603457.56
235875,603460
235890.04,603465
235904.82,603470.2
235915.96,603475
235925,603479.44
235938.6,603486.36
235954.48,603495.52
235961.52,603500
235969.54,603505.52
235975,603509.88
235983.96,603516.08
235995.04,603525
236000,603529.36
236011.76,603538.24
236025.58,603550
236039.9,603560.12
236050,603568
236070.44,603579.56
236086.96,603586.92
236100,603592.24
236106.66,603593.32
236121.3,603596.32
236128.18,603596.8
236146.74,603596.76
236154.32,603595.68
236168.02,603593
236175,603591.44
236186.96,603587
236200,603581.88
236213.5,603575
236220.96,603570.92
236236.32,603561.32
236250,603552
236265.34,603540.32
236275,603532.48
236283.84,603525
236292.4,603517.44
236305.32,603505.32
236317.9,603492.88
236330.18,603480.2
236342.04,603467.08
236350,603457.64
236356.24,603450
236366.04,603437.52
236387.5,603437.52
236412.5,603462.48
236437.5,603462.48
236462.5,603462.48
236487.5,603462.48
236512.5,603487.52
236537.5,603487.52
236562.5,603487.52
236587.5,603487.52
236612.5,603487.52
236637.5,603512.48
236662.5,603512.48
236687.5,603512.48
236712.5,603537.52
236737.5,603537.52
236762.5,603562.48
236787.5,603562.48
236812.5,603587.52
236837.5,603587.52
236862.5,603587.52
236887.5,603587.52
236890.68,603590.7
236871.26,603621.24
236869.94,603630.08
236869,603644
236869.54,603655.44
236873.24,603675
236875,603682.64
236877.96,603697.08
236880.02,603705
236882.8,603717.2
236894.1,603755.88
236900,603773
236907.4,603792.64
236915.58,603809.44
236919.34,603815.76
236900.74,603846.32
236838.34,604002.32
236783.18,604067.19
236792.76,604082.24
236800,604094.12
236811.46,604113.56
236820.38,604129.64
236825,604138.48
236850,604185
236858.72,604200
236864.84,604210.2
236875,604226.56
236884.4,604240.64
236891.1,604250
236894.6,604255.36
236900,604263.08
236905.24,604269.76
236909.68,604275
236915.98,604284
236929.18,604300
236937.9,604312.08
236942.62,604317.64
236950,604327.56
236958.56,604341.44
236965.68,604350
236965.24,604365.24
236964.12,604375
236955.76,604380.76
236950,604383.52
236940.48,604390.48
236924.34,604400
236907.5,604407.52
236900,604410.56
236891.04,604416.08
236873.74,604426.24
236859.88,604434.88
236845.18,604445.2
236839.6,604450
236831.04,604456.08
236825,604460.48
236817.38,604467.36
236809.24,604475
236800,604482.8
236791.44,604491.44
236783.56,604500
236775,604508.12
236767,604517
236756.38,604531.39
236762.5,604537.52
236787.5,604562.48
236812.5,604562.48
236837.5,604587.52
236862.5,604587.52
236887.5,604587.52
236912.5,604612.48
236937.5,604612.48
236962.5,604612.48
236987.5,604612.48
237012.5,604612.48
237037.5,604612.48
237062.5,604587.52
237087.5,604562.48
237112.5,604537.52
237137.5,604537.52
237162.5,604562.48
237187.5,604562.48
237212.5,604562.48
237237.5,604562.48
237262.5,604562.48
237287.5,604562.48
237312.5,604587.52
237337.5,604587.52
237362.5,604587.52
237387.5,604587.52
237412.5,604612.48
237437.5,604612.48
237462.5,604612.48
237487.5,604612.48
237512.5,604612.48
237537.5,604612.48
237562.5,604612.48
237587.5,604612.48
237612.5,604612.48
237637.5,604612.48
237662.5,604612.48
237687.5,604637.52
237712.5,604637.52
237737.5,604662.48
237762.5,604662.48
237787.5,604662.48
237812.5,604687.52
237837.5,604687.52
237862.5,604687.52
237887.5,604687.52
237912.5,604687.52
237937.5,604687.52
237962.5,604687.52
237987.5,604687.52
238012.5,604687.52
238037.5,604687.52
238062.5,604687.52
238087.5,604687.52
238112.5,604712.48
238137.5,604712.48
238162.5,604737.52
238187.5,604737.52
238212.5,604762.48
238237.5,604762.48
238262.5,604762.48
238287.5,604787.52
238312.5,604812.48
238337.5,604837.52
238362.5,604837.52
238387.5,604862.48
238412.5,604887.52
238437.5,604912.48
238462.5,604937.52
238487.5,604937.52
238512.5,604937.52
238537.5,604937.52
238562.5,604912.48
238587.5,604912.48
238612.5,604912.48
238687.5,604912.48
238687.5,604887.52
238687.5,604862.48
238712.5,604837.52
238737.5,604812.48
238762.5,604787.52
238787.5,604762.48
238787.5,604737.52
238787.5,604712.48
238812.5,604687.52
238812.5,604662.48
238837.5,604637.52
238837.5,604612.48
238837.5,604587.52
238837.5,604562.48
238862.5,604537.52
238887.5,604512.48
238887.5,604487.52
238887.5,604462.48
238887.5,604437.52
238887.5,604412.48
238887.5,604387.52
238887.5,604362.48
238912.5,604337.52
238937.5,604337.52
238962.5,604312.48
238987.5,604287.52
238987.5,604262.48
238987.5,604237.52
238987.5,604212.48
239012.5,604187.52
239012.5,604162.48
239037.5,604137.52
239062.5,604112.48
239087.5,604087.52
239112.5,604062.48
239137.5,604037.52
239156.38,604018.61
239167.14,604032.88
239175,604042.56
239181.26,604050
239201.28,604075
239233.4,604116.64
239239.7,604125
239257.9,604150
239264.88,604160.12
239275,604175.36
239284.52,604190.48
239290.26,604200
239293.72,604206.24
239300,604218.12
239303.76,604225
239310.64,604239.36
239315.56,604250
239318.24,604256.76
239325.24,604275.24
239331.24,604293.76
239333.2,604300
239339.36,604325
239341.06,604333.92
239342.62,604342.64
239344.76,604355.24
239347.62,604377.36
239350,604402.76
239351.76,604426.76
239353,604453
239353.66,604478.68
239353.7,604503.68
239353.08,604528.08
239351.82,604551.8
239349.76,604575.24
239346.7,604603.32
239343.96,604625
239342.94,604632.08
239341.88,604641.88
239340.6,604650
239339.1,604664.08
239337.68,604675
239335.88,604700
239336.22,604713.8
239336.68,604725
239339.2,604739.2
239341.24,604750
239343.54,604756.44
239352.68,604775
239362.6,604787.36
239375.16,604800.2
239389.54,604810.44
239405.12,604819.88
239415.06,604825
239425,604829.76
239433.3,604833.32
239439.08,604835.92
239450,604840.24
239456.96,604843.08
239476.62,604850
239500,604857.76
239510.96,604860.92
239525,604864.92
239533,604867
239550.32,604870.92
239614.07,604878.72
239683.42,604880.44
239805.98,604854.63
239928.33,604813.74
240048.65,604774.73
240110.14,604755.18
240164.18,604743
240175,604741.32
240200,604738.8
240225,604737.56
240275,604736.2
240285.72,604735.76
240300,604735.24
240309.68,604734.68
240325,604733.88
240333.24,604733.24
240342.22,604732.76
240350,604732.2
240356.56,604731.56
240369.4,604730.64
240379.6,604729.64
240434.84,604725
240448.98,604724
240472.72,604722.76
240496.94,604721.92
240521.84,604721.8
240547.46,604722.44
240573.92,604723.92
240598.94,604726.08
240621.24,604728.76
240643.16,604731.8
240650,604732.88
240686.89,604738.13
240662.5,604762.48
240637.5,604787.52
240637.5,604812.48
240612.5,604837.52
240612.5,604862.48
240612.5,604887.52
240587.5,604912.48
240587.5,604937.52
240587.5,604962.48
240587.5,604987.52
240587.5,605012.48
240587.5,605037.52
240587.5,605062.48
240587.5,605087.52
240562.5,605112.48
240537.5,605137.52
240537.5,605162.48
240537.5,605187.52
240537.5,605212.48
240512.5,605237.52
240512.5,605262.48
240512.5,605287.52
240487.5,605312.48
240462.5,605337.52
240462.5,605362.48
240437.5,605387.52
240412.5,605412.48
240412.5,605437.52
240387.5,605462.48
240362.5,605487.52
240362.5,605512.48
240337.5,605537.52
240337.5,605562.48
240312.5,605587.52
240312.5,605612.48
240287.5,605637.52
240287.5,605662.48
240287.5,605687.52
240287.5,605712.48
240287.5,605737.52
240262.5,605762.48
240237.5,605787.52
240237.5,605812.48
240216.2,605833.81
240200,605825.44
240183.68,605816.32
240175,605811.12
240167.94,605807.08
240156.46,605800
240150,605795.64
240137.52,605787.52
240125,605778.64
240119.56,605775
240108.28,605766.68
240100,605759.92
240094.14,605755.88
240080.2,605744.8
240075,605740.2
240066.34,605733.68
240056.18,605725
240050,605719.32
240039.26,605710.76
240027.66,605700
240014.46,605685.52
239991.46,605658.52
239987.5,605662.48
239962.5,605687.52
239962.5,605712.48
239937.5,605737.52
239912.5,605762.48
239912.5,605787.52
239912.5,605812.48
239887.5,605837.52
239887.5,605862.48
239887.5,605887.52
239887.5,605912.48
239887.5,605937.52
239887.5,605962.48
239862.5,605987.52
239862.5,606012.48
239862.5,606037.52
239837.5,606062.48
239837.5,606087.52
239837.5,606112.48
239812.5,606137.52
239787.5,606162.48
239762.5,606187.52
239737.5,606212.48
239712.5,606237.52
239687.5,606262.48
239662.5,606287.52
239637.5,606312.48
239612.5,606337.52
239587.5,606362.48
239562.5,606387.52
239537.5,606412.48
239512.5,606437.52
239487.5,606462.48
239487.5,606487.52
239462.5,606512.48
239462.5,606537.52
239462.5,606562.48
239462.5,606587.52
239437.5,606612.48
239437.5,606637.52
239412.5,606662.48
239412.5,606687.52
239387.5,606712.48
239387.5,606737.52
239362.5,606762.48
239337.5,606787.52
239312.5,606812.48
239287.5,606837.52
239262.5,606862.48
239237.5,606862.48
239212.5,606862.48
239204.58,606862.48
239136.32,606913.68
239125,606921.08
239118.04,606925
239106.74,606931.76
239075.79,606949.21
239062.5,606962.48
239037.5,606987.52
239037.5,607012.48
239012.5,607037.52
238987.5,607062.48
238962.5,607087.52
238962.5,607112.48
238937.5,607137.52
238912.5,607162.48
238912.5,607187.52
238912.5,607212.48
238912.5,607237.52
238912.5,607262.48
238912.5,607287.52
238887.5,607312.48
238887.5,607337.52
238862.5,607362.48
238862.5,607387.52
238837.5,607412.48
238812.5,607437.52
238787.5,607462.48
238787.5,607487.52
238762.5,607512.48
238762.5,607537.52
238737.5,607562.48
238712.5,607562.48
238687.5,607562.48
238678.33,607583.73
238672.54,607652.44
238668.66,607675
238665.42,607690.44
238663.34,607700
238659.1,607715.88
238655.14,607730.12
238643.28,607768.24
238641.52,607775
238636.36,607788.64
238629.62,607804.64
238625,607813.12
238618.18,607825
238610.94,607835.92
238586.3,607868.89
238562.94,608094.68
238507.68,608238.36
238304.01,608283.63
238283.66,608316.32
238267.06,608342.08
238261.74,608350
238256.9,608356.92
238250,608366.48
238243.66,608375
238235.48,608385.52
238223.58,608400
238212.56,608412.56
238200,608426.12
238188.16,608438.12
238166,608459.27
238131.92,608581
238032.66,608922.88
238050,608931.8
238066.64,608941.64
238080.14,608950
238092.22,608957.76
238100,608963.2
238107.22,608967.8
238117.44,608975
238125,608980.48
238136.62,608988.36
238143.52,608993.52
238165.64,609009.36
238179.76,609020.24
238193.74,609031.24
238200,609037.12
238207.54,609042.44
238216.3,609050
238225,609058.2
238234.6,609065.36
238248.83,609078.81
238353.56,609087.53
238357.66,609067.32
238359.58,609059.56
238361.32,609050
238363.32,609038.32
238365.32,609025
238366.76,609016.76
238367.94,609007.08
238369.08,609000
238375,608965.92
238377.04,608952.08
238381.18,608918.8
238382.76,608907.76
238383.74,608900
238387.7,608875
238392.96,608850
238400,608825.88
238409.46,608800
238420.8,608775
238455.48,608705.52
238463.54,608688.56
238467.65,608679.58
238551.9,608702.56
238835.67,608777.71
238850,608771.36
238875,608761.52
238883.58,608758.56
238902.32,608752.32
238910.68,608750
238921.86,608746.88
238930.1,608744.88
238942.18,608742.2
238950,608740.48
238975,608736.56
239000,608733.08
239007.04,608732.08
239028.62,608728.64
239048.04,608725
239069.62,608719.64
239085.52,608714.48
239100,608709.32
239106.44,608706.44
239119.5,608700
239121.1,608699
239155.26,608678.78
239180.85,608652.54
239214.97,608604.95
239249.08,608549.85
239275.66,608495.34
239316.97,608373.31
239346.54,608250.36
239363.6,608199.55
239374.57,608169.88
239392.84,608140.56
239400,608131.52
239405.54,608125
239415.2,608115.2
239425,608106.24
239432.32,608100
239442.4,608092.36
239457.22,608082.24
239468.76,608075
239475,608071.36
239483.18,608066.8
239500,608057.76
239514.86,608050
239521.62,608046.64
239565.74,608025
239584.64,608015.36
239600,608007.36
239613.58,608000
239620.82,607995.8
239650,607978.32
239667.16,607967.2
239692.94,607950
239700,607945
239725,607928
239741.84,607916.8
239750,607911.52
239757.12,607907.12
239775,607896.44
239788.7,607888.68
239800,607882.56
239821.68,607871.68
239834.3,607865.68
239850,607858.48
239855.88,607855.88
239891.12,607841.12
239909.04,607834
239920,607830
239927.22,607827.24
239933.4,607825
239945.46,607820.44
239982.38,607807.36
239997.54,607802.44
240004.74,607800
240019.7,607794.68
240050,607784.32
240056.74,607781.76
240074.5,607775.52
240092.76,607767.76
240100,607764.88
240110.08,607760.08
240125,607753.24
240131.1,607750
240150,607738.48
240168.82,607725
240175,607719.52
240184.52,607709.52
240193.16,607700
240200,607689.32
240205,607680
240210.9,607664.12
240215.18,607650
240216.48,607641.52
240217.48,607632.48
240218.54,607625
240219.52,607594.48
240219.3,607580.68
240219.24,607569.24
240218.96,607556.08
240218.9,607543.88
240219.02,607519
240219.22,607505.76
240219.54,607494.56
240220.86,607470.88
240224.18,607425.8
240228.18,607378.2
240230.22,607355.24
240231.4,607343.64
240232.68,607332.68
240245.31,607214.43
240244.18,607193.08
240236.74,607111.08
240242.54,606994.96
240237.38,606925
240240.58,606900
240241.24,606891.24
240244.04,606880.92
240245.7,606870.68
240250,606859.2
240307.02,606737.98
240354.42,606621.72
240400.16,606501.16
240452.06,606385.93
240514.96,606283.76
240521.1,606275
240539.28,606250
240554.74,606229.76
240565.66,606215.68
240575,606203.92
240587.66,606187.64
240597.68,606175
240625,606139.08
240650,606103.24
240675,606063.44
240679.9,606054.88
240689.14,606039.12
240697.68,606025
240707.64,606007.64
240716.94,605991.92
240725,605979.12
240735.92,605960.92
240742.9,605950
240750,605939.24
240755.44,605930.44
240759.04,605925
240765.26,605915.24
240775,605901.08
240785.1,605885.12
240791.9,605875
240800,605862.48
240814.18,605839.2
240819.82,605830.2
240823.72,605823.68
240832.62,605807.64
240837.18,605800
240841.46,605791.52
240850,605776.24
240858.64,605758.64
240863.4,605750
240867.04,605742.08
240875,605727.12
240884.22,605709.24
240889.82,605700
240893.36,605693.36
240900,605683.12
240905.6,605675
240913.78,605663.8
240925,605651
240938.3,605638.32
240950,605628.92
240955.88,605625
240967.6,605617.56
240975,605613.68
240984.28,605609.24
241002.2,605602.2
241021.6,605596.64
241042.4,605592.36
241050,605591.12
241075,605588.8
241100,605588.12
241125,605589
241150,605590.88
241158.3,605591.68
241167.88,605592.88
241175,605593.64
241196.48,605596.48
241202.84,605597.12
241223.16,605600
241247.06,605602.92
241254.04,605604.08
241269.86,605605.12
241281.52,605606.48
241293.46,605606.56
241300,605607.24
241307.24,605607.24
241319.14,605605.88
241330.32,605605.32
241349.76,605600.24
241367.5,605592.48
241375,605587.12
241381.88,605581.88
241387.9,605575
241394,605569
241400,605560.64
241404.58,605554.56
241414.24,605539.24
241417.6,605532.44
241421.6,605525
241425,605518.88
241431.84,605506.88
241434.92,605500
241440.36,605490.36
241445.32,605479.68
241448.5,605473.52
241457.66,605457.68
241461.56,605450
241466.7,605441.68
241475,605426.64
241485.82,605410.8
241492.56,605400
241500,605389.2
241506.26,605381.24
241510.78,605375
241517.04,605367
241525,605356.08
241529.86,605350
241538.92,605338.92
241547.9,605327.12
241560.76,605310.76
241568.68,605300
241575,605290.68
241581.56,605281.56
241586.02,605275
241600,605251.36
241613.06,605225
241616.1,605216.12
241620.76,605204.24
241622.6,605197.56
241625,605185.12
241626.76,605176.76
241627.26,605152.24
241625,605143.2
241619.88,605130.12
241608.18,605116.8
241600,605111.92
241593.56,605106.44
241582.1,605100
241575,605097
241568.68,605093.68
241560.8,605089.2
241550,605084.64
241544.18,605080.8
241533.54,605075
241525,605070.44
241513.2,605061.8
241500,605052.92
241475,605026.8
241465.68,605009.32
241460.9,605000
241455.78,604975
241456.58,604968.44
241457.68,604957.68
241458.66,604950
241464.4,604939.36
241470.68,604929.32
241475,604923.36
241490.48,604915.52
241500,604911.36
241525,604910.32
241537.02,604913
241550,604915.56
241556.6,604918.36
241574.06,604925
241589.66,604935.36
241600,604941.68
241612.04,604950
241618.3,604956.68
241625,604963
241630.98,604969
241637.6,604975
241642.62,604982.36
241650,604991.32
241658,605000
241664.16,605010.88
241674.64,605024.64
241685.18,605039.8
241696.6,605050
241705.1,605055.12
241715.06,605059.92
241725,605062.48
241750,605062.24
241759.24,605059.24
241767.68,605057.32
241775,605055.24
241785.58,605050
241795.48,605045.52
241810.96,605035.92
241820.16,605029.88
241825.82,605025.8
241850,605005.2
241854.82,605000
241875,604979.24
241888.78,604963.8
241912.76,604937.76
241923.02,604927
241927.56,604922.44
241937.68,604912.68
241950,604901.08
241964.2,604889.2
241975,604880.44
241982.14,604875
242000,604862.08
242025,604845.68
242035.94,604839.08
242050,604830.32
242059.22,604825
242068.86,604818.88
242075,604814.56
242083.84,604808.88
242095.94,604800
242110.92,604785.92
242120.18,604775
242125,604766.32
242130.44,604755.44
242134.1,604740.92
242137.14,604725
242138.12,604700
242137.54,604675
242136.54,604663.44
242135.54,604650
242134.26,604640.76
242133.44,604633.44
242132.32,604625
242128.4,604603.36
242125,604588.8
242122.28,604577.76
242120.06,604570.08
242113.74,604550
242109.88,604540.12
242103.72,604525
242094.1,604505.88
242090.96,604500
242084.82,604490.2
242075,604475.36
242063.68,604461.32
242053.9,604450
242039.24,604435.76
242027.24,604425
242011.82,604413.2
242000,604404.68
241992.94,604400
241981.86,604393.12
241975,604389.08
241965.96,604384.08
241951.24,604376.24
241932.6,604367.44
241925,604364
241915.04,604359.92
241900,604354
241878.4,604346.64
241868.7,604343.68
241850,604338.44
241825,604333.12
241805.2,604330.2
241795.88,604329.12
241777.78,604327.76
241752.52,604327.52
241729.06,604329.08
241719.86,604330.12
241700,604333.08
241675,604338.76
241655.52,604344.48
241647.14,604347.12
241628.92,604353.92
241615.44,604359.56
241600,604366.24
241594,604369
241581.24,604375
241575,604378.08
241550,604389.88
241525.54,604400
241506.46,604406.44
241500,604408.56
241475,604413.68
241450,604416.24
241441.32,604416.32
241433.72,604416.24
241425,604416.32
241400,604414.92
241375,604413.08
241339.9,604410.12
241312.5,604408.06
241312.5,604387.52
241312.5,604362.48
241337.5,604337.52
241337.5,604312.48
241337.5,604287.52
241337.5,604262.48
241337.5,604237.52
241337.5,604212.48
241337.5,604187.52
241362.5,604162.48
241362.5,604137.52
241362.5,604112.48
241362.5,604087.52
241362.5,604062.48
241387.5,604037.52
241387.5,604012.48
241412.5,603987.52
241437.5,603962.48
241462.5,603937.52
241462.5,603912.48
241487.5,603887.52
241512.5,603862.48
241537.5,603837.52
241562.5,603812.48
241587.5,603787.52
241612.5,603762.48
241637.5,603737.52
241662.5,603712.48
241687.5,603687.52
241712.5,603662.48
241737.5,603637.52
241762.5,603612.48
241787.5,603587.52
241812.5,603562.48
241812.5,603537.52
241837.5,603512.48
241862.5,603487.52
241887.5,603462.48
241912.5,603437.52
241937.5,603412.48
241962.5,603387.52
241987.5,603387.52
242012.5,603362.48
242037.5,603337.52
242062.5,603312.48
242087.5,603287.52
242112.5,603287.52
242137.5,603262.48
242162.5,603262.48
242187.5,603237.52
242212.5,603212.48
242237.5,603212.48
242262.5,603187.52
242287.5,603162.48
242312.5,603162.48
242337.5,603137.52
242362.5,603137.52
242387.5,603112.48
242412.5,603112.48
242437.5,603112.48
242462.5,603087.52
242487.5,603087.52
242512.5,603087.52
242537.5,603062.48
242562.5,603062.48
242587.5,603037.52
242612.5,603037.52
242637.5,603037.52
242662.5,603037.52
242687.5,603037.52
242712.5,603037.52
242737.5,603012.48
242762.5,603012.48
242859.7,603007.51
242875,602982.64
242887.9,602962.88
242896.54,602950
242900,602944.56
242908.16,602933.12
242914.18,602925
242918.72,602918.76
242925,602910.32
242929.82,602904.8
242941.84,602891.8
242950,602883.52
242961.12,602875
242969.12,602869.12
242975,602865.08
242985.14,602860.12
242993.6,602856.36
243000,602853.44
243022.96,602847.92
243045.88,602845.88
243054.16,602845.88
243071.56,602846.56
243099.82,602849.8
243129.42,602854.44
243143.18,602856.8
243150,602857.88
243162.5,602859.76
243162.5,602910.13
243162.5,602912.48
243162.5,602937.52
243162.5,602962.48
243162.5,602987.52
243162.5,603012.48
243162.5,603037.52
243162.5,603062.48
243162.5,603087.52
243162.5,603112.48
243162.5,603137.52
243162.5,603162.48
243187.5,603187.52
243187.5,603212.48
243212.5,603237.52
243212.5,603262.48
243212.5,603287.52
243212.5,603312.48
243184.58,603340.45
243175,603360.88
243160.94,603389.08
243137.5,603412.48
243112.5,603437.52
243087.5,603462.48
243062.5,603487.52
243062.5,603512.48
243037.5,603537.52
243037.5,603562.48
243037.5,603587.52
243012.5,603612.48
242987.5,603637.52
242962.5,603662.48
242962.5,603687.52
242937.5,603712.48
242912.5,603737.52
242912.5,603762.48
242887.5,603787.52
242862.5,603812.48
242837.5,603837.52
242812.5,603862.48
242787.5,603887.52
242762.5,603912.48
242762.5,603937.52
242762.5,603962.48
242737.5,603987.52
242737.5,604012.48
242712.5,604037.52
242687.5,604062.48
242662.5,604087.52
242637.5,604112.48
242612.5,604137.52
242587.5,604162.48
242562.5,604187.52
242537.5,604212.48
242512.5,604237.52
242487.5,604237.52
242462.5,604262.48
242437.5,604287.52
242437.5,604312.48
242412.5,604337.52
242412.5,604362.48
242387.5,604387.52
242362.5,604412.48
242337.5,604437.52
242312.5,604462.48
242287.5,604487.52
242287.5,604512.48
242287.5,604537.52
242287.5,604562.48
242287.5,604587.52
242262.5,604612.48
242237.5,604637.52
242237.5,604662.48
242237.5,604687.52
242212.5,604712.48
242212.5,604737.52
242187.5,604762.48
242187.5,604787.52
242187.5,604812.48
242162.5,604837.52
242162.5,604862.48
242162.5,604887.52
242137.5,604912.48
242137.5,604937.52
242137.5,604962.48
242112.5,604987.52
242112.5,605012.48
242087.5,605037.52
242062.5,605062.48
242062.5,605087.52
242037.5,605112.48
242037.5,605137.52
242012.5,605162.48
241987.5,605187.52
241962.5,605212.48
241937.5,605237.52
241912.5,605262.48
241887.5,605287.52
241862.5,605312.48
241837.5,605337.52
241812.5,605362.48
241812.5,605387.52
241812.5,605412.48
241787.5,605437.52
241787.5,605462.48
241787.5,605487.52
241787.5,605512.48
241762.5,605537.52
241762.5,605562.48
241737.5,605587.52
241713.54,605611.44
241700,605616
241693.18,605618.2
241677.14,605622.88
241650,605631.88
241636.62,605636.64
241561.94,605661.92
241550,605666.12
241543.4,605668.36
241507.56,605682.56
241490.88,605690.88
241475,605701.68
241462.94,605712.92
241453.76,605725
241450,605730.88
241443.76,605743.76
241441.94,605750
241438.26,605763.24
241435.9,605775
241434.32,605784.32
241434.04,605790.92
241432.82,605800
241432.1,605807.12
241432.22,605817.8
241431.28,605831.32
241431.74,605843.24
241431.34,605856.36
241432.18,605867.8
241432.1,605875
241432.1,605882.08
241432.82,605892.2
241432.82,605900
241432.74,605907.76
241433.18,605916.81
241412.5,605937.52
241387.5,605962.48
241362.5,605987.52
241337.5,606012.48
241312.5,606037.52
241287.5,606062.48
241262.5,606087.52
241237.5,606087.52
241212.5,606112.48
241187.5,606137.52
241162.5,606162.48
241162.5,606187.52
241137.5,606212.48
241137.5,606237.52
241112.5,606262.48
241112.5,606287.52
241112.5,606312.48
241112.5,606337.52
241112.5,606362.48
241112.5,606387.52
241112.5,606412.48
241112.5,606437.52
241087.5,606462.48
241087.5,606487.52
241062.5,606512.48
241062.5,606537.52
241037.5,606562.48
241012.5,606587.52
241012.5,606612.48
241012.5,606626.07
240966.7,606666.68
240958.44,606675
240950,606683.92
240942.46,606692.48
240936.6,606700
240931.68,606706.68
240925,606717.12
240920.14,606725
240913.38,606738.36
240905.9,606755.88
240899.56,606775.44
240893.68,606800
240892.68,606807.32
240891.52,606816.48
240890.32,606825
240889.18,606839.2
240888.16,606850
240887.16,606875
240886.9,606900
240887,606950
240886.4,607000
240885.53,607064.46
240862.5,607087.52
240862.5,607112.48
240862.5,607136.56
240858.4,607150
240850,607178.92
240844.34,607200
240838.66,607225
240833.46,607250
240832.18,607257.2
240813.93,607386.08
240812.5,607387.52
240787.5,607412.48
240787.5,607437.52
240762.5,607462.48
240762.5,607487.52
240737.5,607512.48
240737.5,607537.52
240712.5,607562.48
240712.5,607587.52
240712.5,607612.48
240687.5,607637.52
240687.5,607662.48
240662.5,607687.52
240662.5,607712.48
240637.5,607737.52
240637.5,607762.48
240612.5,607787.52
240587.5,607812.48
240587.5,607837.52
240562.5,607862.48
240537.5,607887.52
240537.5,607912.48
240512.5,607937.52
240487.5,607962.48
240462.5,607987.52
240437.5,608012.48
240412.5,608037.52
240412.5,608062.48
240387.5,608087.52
240362.5,608112.48
240362.5,608137.52
240337.5,608162.48
240312.5,608187.52
240287.5,608212.48
240262.5,608237.52
240262.5,608262.48
240237.5,608287.52
240212.5,608312.48
240212.5,608337.52
240187.5,608362.48
240187.5,608387.52
240162.5,608412.48
240162.5,608437.52
240137.5,608462.48
240112.5,608487.52
240112.5,608512.48
240087.5,608537.52
240087.5,608562.48
240087.5,608587.52
240062.5,608612.48
240062.5,608637.52
240062.5,608662.48
240037.5,608687.52
240037.5,608712.48
240037.5,608737.52
240012.5,608762.48
240012.5,608787.52
239987.5,608812.48
239987.5,608837.52
239962.5,608862.48
239937.5,608887.52
239912.5,608912.48
239887.5,608937.52
239862.5,608937.52
239837.5,608962.48
239812.5,608987.52
239812.5,609012.48
239812.5,609037.52
239787.5,609062.48
239762.5,609087.52
239762.5,609112.48
239737.5,609137.52
239712.5,609162.48
239687.5,609187.52
239662.5,609212.48
239637.5,609237.52
239637.5,609262.48
239612.5,609287.52
239612.5,609312.48
239587.5,609337.52
239562.5,609362.48
239562.5,609387.52
239537.5,609412.48
239512.5,609437.52
239487.5,609462.48
239462.5,609487.52
239437.5,609487.52
239412.5,609512.48
239387.5,609537.52
239362.5,609537.52
239337.5,609562.48
239312.5,609587.52
239287.5,609612.48
239262.5,609637.52
239262.5,609662.48
239237.5,609687.52
239237.5,609712.48
239212.5,609737.52
239187.5,609762.48
239187.5,609787.52
239162.5,609812.48
239162.5,609837.52
239162.5,609862.48
239162.5,609887.52
239137.5,609912.48
239137.5,609937.52
239112.5,609962.48
239112.5,609987.52
239087.5,610012.48
239062.5,610037.52
239062.5,610062.48
239037.5,610087.52
239025.32,610145.24
239012.5,610162.48
238966.02,610265.36
239062.5,610262.48
239087.5,610262.48
239112.5,610262.48
239137.5,610262.48
239162.5,610262.48
239187.5,610262.48
239212.5,610262.48
239237.5,610262.48
239262.5,610262.48
239287.5,610262.48
239312.5,610262.48
239337.5,610262.48
239362.5,610287.52
239387.5,610287.52
239412.5,610287.52
239437.5,610287.52
239462.5,610287.52
239487.5,610287.52
239512.5,610312.48
239537.5,610312.48
239562.5,610312.48
239587.5,610337.52
239612.5,610337.52
239637.5,610362.48
239662.5,610362.48
239687.5,610362.48
239712.5,610362.48
239737.5,610362.48
239762.5,610362.48
239787.5,610362.48
239812.5,610362.48
239837.5,610387.52
239862.5,610387.52
239887.5,610387.52
239912.5,610412.48
239937.5,610412.48
239962.5,610437.52
239987.5,610437.52
240012.5,610437.52
240037.5,610437.52
240062.5,610437.52
240087.5,610462.48
240112.5,610462.48
240137.5,610462.48
240162.5,610487.52
240187.5,610487.52
240212.5,610487.52
240237.5,610487.52
240262.5,610487.52
240287.5,610487.52
240312.5,610487.52
240337.5,610512.48
240362.5,610512.48
240387.5,610537.52
240412.5,610537.52
240437.5,610537.52
240462.5,610537.52
240487.5,610537.52
240512.5,610537.52
240537.5,610537.52
240562.5,610537.52
240587.5,610537.52
240612.5,610562.48
240637.5,610562.48
240662.5,610562.48
240687.5,610562.48
240712.5,610562.48
240737.5,610562.48
240762.5,610562.48
240787.5,610562.48
240812.5,610562.48
240837.5,610562.48
240852.79,610562.48
240835.82,610585.8
240825,610600.36
240814.16,610614.12
240805.46,610625
240800,610631.36
240791.16,610641.12
240782.9,610650
240775,610657.8
240766.24,610666.24
240756.66,610675
240738.34,610688.32
240733.04,610691.92
240721.58,610700
240707.72,610707.76
240700,610711.8
240691.76,610716.76
240672.82,610727.2
240659.32,610734.32
240650,610739
240643.08,610743.08
240626.76,610751.76
240619.82,610755.2
240610.2,610760.2
240600,610765.2
240593.76,610768.76
240582.04,610775
240575,610778.36
240544.48,610794.48
240534.28,610800
240525,610804.76
240495.82,610820.8
240475,610832.76
240445.88,610850
240406.36,610875
240400,610879.44
240375,610896.08
240368.54,610900
240357.82,610907.8
240350,610913.76
240343.1,610918.12
240332.58,610925
240325,610931.64
240314.34,610939.36
240300,610950.88
240287.9,610962.88
240276.6,610976.56
240275,610983.92
240271.04,610996
240271.96,611003
240275,611009
240280.28,611025
240288.58,611036.44
240292.54,611042.56
240309.54,611065.52
240316,611075
240320.22,611079.76
240325,611085.56
240331.02,611094
240335.04,611100
240341.7,611108.32
240350,611119.2
240353.9,611125
240364.44,611139.44
240400,611189.56
240407.68,611200
240414.92,611210.08
240425.96,611225
240436.7,611238.32
240450,611254.12
240460.54,611264.48
240475,611277.8
240488.16,611286.88
240503.86,611296.12
240521.66,611303.36
240530.76,611305.76
240541.96,611308
240550,611309.56
240575,611309.64
240583.3,611308.32
240593.54,611306.48
240599.64,611305.44
240719.4,611246.15
240784.65,611231.72
240843.23,611231.99
240903.98,611228.73
240929.55,611224.74
240967.92,611209.26
241065.05,611130.93
241123.45,611075.06
241156.34,611050.44
241157.08,611050
241168.12,611043.12
241175,611039.2
241184.46,611034.44
241196.06,611028.92
241205.18,611025
241219.2,611019.2
241250,611007.68
241271.28,611000
241277.92,610997.08
241291.12,610991.12
241300,610986.68
241307.48,610982.48
241319.3,610975
241325,610970.68
241335.68,610960.68
241345.96,610950
241350,610944.36
241357.24,610932.24
241361.18,610925
241365.2,610915.2
241368.46,610906.56
241371.02,610900
241375,610883
241376.4,610876.36
241379.1,610854.08
241379.76,610845.24
241380.32,610830.32
241380.54,610819.52
241380.26,610794.76
241379,610754
241378.68,610728.68
241378.88,610703.88
241379.12,610695.88
241379.8,610679.8
241381.18,610656.2
241386.84,610575
241388.26,610550
241390.76,610500
241392.76,610467.76
241396.53,610412.48
241412.5,610412.48
241437.5,610387.52
241462.5,610362.48
241487.5,610362.48
241512.5,610337.52
241537.5,610337.52
241562.5,610312.48
241587.5,610312.48
241612.5,610312.48
241637.5,610312.48
241662.5,610312.48
241687.5,610312.48
241695.59,610304.41
241731.76,610306.76
241750,610305.64
241758.78,610316.24
241760.18,610325
241762.5,610343.92
241762.5,610362.48
241787.5,610387.52
241787.5,610412.48
241787.5,610437.52
241812.5,610462.48
241812.5,610487.52
241812.5,610512.48
241812.5,610537.52
241812.5,610562.48
241812.5,610587.52
241812.5,610612.48
241812.5,610637.52
241812.5,610662.48
241812.5,610687.52
241837.5,610712.48
241837.5,610737.52
241837.5,610762.48
241837.5,610787.52
241837.5,610812.48
241837.5,610837.52
241837.5,610862.48
241837.5,610887.52
241862.5,610912.48
241862.5,610937.52
241862.5,610962.48
241862.5,610987.52
241862.5,611012.48
241862.5,611037.52
241862.5,611062.48
241887.5,611087.52
241887.5,611112.48
241887.5,611137.52
241887.5,611162.48
241887.5,611187.52
241887.5,611212.48
241887.5,611237.52
241862.5,611262.48
241862.5,611287.52
241837.5,611312.48
241837.5,611337.52
241812.5,611362.48
241812.5,611387.52
241812.5,611412.48
241812.5,611437.52
241812.5,611462.48
241812.5,611487.17
241836.32,611513.68
241845.96,611525
241850,611530
241858.74,611541.24
241865.06,611550
241869.1,611555.88
241880.88,611575
241888.02,611588
241896.04,611603.92
241900,611613.24
241905.26,611625
241910.86,611639.12
241914.9,611650
241917.5,611657.52
241925,611680.92
241939.96,611725
241950,611753.12
241960.12,611775
241970.78,611795.76
241975,611803.56
241990.3,611825
242000,611837.52
242012.76,611850
242025,611861.24
242050,611878.56
242064.38,611885.64
242075,611891.2
242081.54,611893.52
242101.16,611901.2
242118.76,611906.24
242125,611908.44
242138.34,611911.64
242150,611914.88
242158.42,611916.56
242169.76,611919.76
242178.46,611921.56
242192.42,611925
242203.1,611928.12
242218.12,611931.88
242225,611934.36
242238.38,611938.36
242256.12,611943.88
242275.18,611950.2
242300,611957.64
242325,611961.56
242350,611962.48
242375,611961.24
242389.14,611960.88
242400,611960.36
242414.18,611960.8
242425,611960.88
242437.82,611962.2
242450,611963.2
242466.04,611966
242480.62,611969.36
242503.8,611975
242525,611982.12
242555.66,611994.32
242573.16,612001.8
242579.9,612004.88
242590.12,612009.88
242600,612014.24
242607.22,612017.76
242641.6,612033.44
242650,612037.08
242659.46,612040.48
242668.9,612043.88
242678.08,612046.92
242700,612052.76
242719.96,612055.08
242730.46,612055.44
242744.9,612055.12
242754.16,612054.12
242774.82,612050.2
242794.22,612044.24
242812.46,612037.44
242825,612032.44
242850,612021.52
242875,612010.92
242882.84,612007.88
242897.96,612002
242919.9,611994.88
242933.96,611991
242950,611986.92
242960.02,611985
242975,611982.32
242981.34,611981.32
243003.32,611978.32
243031.36,611975
243081.84,611969.73
243153.52,611761.87
243186.9,611775
243200,611781.92
243213.06,611788.08
243229.1,611795.88
243236.86,611800
243250,611807.8
243260.22,611814.8
243266.46,611819.44
243310.72,611868.71
243348.17,611923.99
243398.4,612038.92
243444.79,612158.18
243477.21,612279.29
243497.66,612305.89
243537.13,612330.9
243576.76,612342.24
243581.3,612343.68
243600,612348.24
243606.34,612350
243621.68,612353.32
243629.82,612354.8
243642.26,612357.76
243650,612359.12
243662.9,612362.12
243675,612364.68
243683.24,612366.76
243694.14,612369.12
243717.5,612375
243727.16,612377.2
243750,612382.76
243775,612389.52
243800,612397.2
243808.1,612400
243825,612405.44
243839.4,612410.64
243850,612414.68
243857.36,612417.64
243875.94,612425.92
243891.72,612433.32
243900,612437.56
243908.1,612441.88
243925,612451.92
243930.6,612455.64
243939.04,612461
243950,612468.8
243958.28,612475
243967.7,612482.32
243975,612488.64
243981.18,612493.8
243987.76,612500
243997.36,612509.45
244895.6,612438.08
244917.7,612371.76
244993.14,612271.16
244988.5,612261.52
244983.16,612250
244927.1,612141.71
244887.84,612083.33
244851.89,612041.5
244756.94,611955.88
244659.97,611876.25
244611.45,611823.46
244576.2,611772.56
244568.62,611756.36
244565.76,611750
244561.6,611738.36
244557.1,611725
244550.44,611700.44
244545.22,611679.8
244542.38,611667.36
244540.3,611659.68
244538.14,611650
244535.14,611639.88
244533.6,611633.64
244531.24,611625
244525,611605
244522.56,611597.56
244516.82,611583.2
244513.9,611575
244509.62,611565.36
244505.66,611555.68
244502.16,611547.88
244493.8,611531.2
244490.82,611525
244485.2,611514.8
244479.96,611505
244476.44,611498.56
244462.46,611475
244450,611455.08
244441.02,611441
244418.48,611406.48
244414.1,611400
244408.66,611391.36
244400,611378.2
244394.6,611369.64
244389.24,611360.76
244382.4,611350
244370.76,611329.24
244355.64,611300
244346.92,611278.08
244343.68,611268.68
244340.96,611259
244338.12,611250
244336.3,611238.68
244333.92,611225
244333.54,611216.44
244332.96,611208
244332.6,611200
244333.14,611191.88
244333.54,611183.56
244334.12,611175
244337.62,611150
244343.26,611118.24
244345.9,611104.12
244347.02,611097
244349.96,611075.08
244351.86,611051.88
244352.08,611027.08
244350.82,611000.8
244348.28,610976.76
244345.24,610954.76
244343.2,610943.2
244341.84,610933.12
244340.24,610925
244338.04,610913.08
244335.4,610900
244333.96,610891
244331.38,610881.36
244330.16,610875
244325,610855.88
244321.92,610846.92
244317.32,610832.68
244313.1,610825
244308.52,610816.48
244300,610806.76
244293.96,610800
244284.06,610790.92
244275,610785.2
244269.1,610780.92
244233.78,610762.48
244237.5,610762.48
244262.5,610762.48
244287.5,610762.48
244312.5,610762.48
244337.5,610737.52
244362.5,610737.52
244387.5,610737.52
244412.5,610762.48
244422.34,610775
244440.44,610790.44
244466.24,610808.76
244475,610813.2
244482,610818
244505.12,610830.12
244514.38,610835.64
244525,610840.8
244530.74,610844.24
244541.78,610850
244550,610853.8
244557.76,610857.76
244563.94,610861.08
244575,610866.12
244580.86,610869.12
244598.08,610876.92
244604.52,610879.52
244615.62,610884.36
244625,610888
244633.6,610891.36
244650,610897.44
244657.4,610900
244675,610905.68
244689.92,610910.08
244700,610912.92
244717.36,610917.36
244729.66,610920.36
244750.1,610925.12
244780.82,610930.8
244792.34,610932.64
244800,610934
244814.06,610935.92
244825,610937.56
244850,610940.68
244858.5,610941.52
244867.66,610942.68
244881.12,610943.88
244895.54,610945.56
244903.82,610946.2
244939.26,610950
244950,610951.08
244971.68,610953.32
244979.44,610954.44
244994.1,610955.88
245007.88,610957.88
245016.32,610958.68
245025,610960
245050,610963.08
245060.96,610964.08
245075,610965.64
245084,610966
245091.72,610966.76
245100,610967.08
245108.18,610966.8
245116.96,610967
245125,610966.68
245150,610962.88
245159.66,610959.64
245169.04,610956
245175,610953.8
245181.5,610950
245192.28,610942.32
245200,610936.12
245205.44,610930.44
245210.16,610925
245216.66,610916.64
245225,610905.08
245235.96,610885.92
245250,610860.76
245253.46,610853.44
245269.03,610819.02
245287.5,610837.52
245312.5,610837.52
245337.5,610837.52
245362.5,610837.52
245387.5,610837.52
245412.5,610862.48
245437.5,610887.52
245462.5,610912.48
245487.5,610937.52
245512.5,610937.52
245537.5,610962.48
245562.5,610962.48
245587.5,610962.48
245612.5,610962.48
245637.5,610962.48
245662.5,610962.48
245687.5,610962.48
245712.5,610962.48
245737.5,610962.48
245762.5,610962.48
245787.5,610962.48
245812.5,610962.48
245837.5,610962.48
245849.59,610950.41
245831.72,610918.32
245825,610910.08
245819.9,610905.08
245814.44,610900
245807.68,610892.32
245800,610884.88
245794.74,610880.24
245788.4,610875
245781.44,610868.56
245775,610863
245767.88,610857.12
245759.1,610850
245754.32,610845.68
245741.1,610833.88
245731.26,610825
245725,610818.56
245716.04,610808.92
245708.04,610800
245700,610788.76
245694.46,610780.56
245690.9,610775
245685.24,610764.76
245676.7,610748.32
245669.54,610730.44
245664.6,610714.64
245660.58,610700
245659.18,610690.8
245658.3,610683.32
245657.1,610675
245656.98,610668
245655.34,610644.68
